BAJAJ-AUTO,BAJAJ-FINSV,BAJAJ-FINANCE
604.75,509.1,271
593.15,554.65,262.4
608.15,640.95,268.25
599.45,632.4,260.65
571.7,644,263.9
580.8,686.95,257.35
579.7,672.05,244.55
552.1,598.95,234.2
562.4,631.85,229.75
568.8,630.9,221.4
548.8,629.9,191.55
550.4,669.25,191.4
530.5,653.5,178.45
519.45,605.9,168.65
505.9,580.8,147.7
494.65,614.05,155.05
506.7,611.05,160.65
516.45,591.95,168.6
512.55,611.85,162.9
512.1,554.95,164.8
502.3,565.4,149.65
479,549.15,147.75
497.3,577.1,163.65
488.95,590.25,159.75
453.95,562,147.65
450.35,537.85,139.3
447.1,517.75,131.05
453.5,522.55,136.25
408.6,478.5,131.65
421,499.7,134.3
435.5,521.8,140.75
434.5,510.95,139.95
451.75,518.05,143.55
498.45,506.8,144.95
499.95,478.95,136.05
501.65,461.9,134.8
479.85,448.5,130.45
455,424.95,128.15
467.6,421.75,127
464.1,410.7,119.9
498.9,410.7,118.25
495.05,420,118
519,437.85,123.55
520.65,451.4,121.15
509.95,446.25,120.25
515.55,436.05,120.1
509.4,429.85,118.65
519.75,437.55,118.7
533.7,442.65,113.25
517.65,443,113.6
519,452.65,112.8
526.6,467.9,114.9
562.25,482.2,120
560.05,515.3,141.6
551.9,517.5,140.85
569.35,540.5,140.25
553.35,523.7,143.8
570.9,544.1,144.1
565.85,528.95,144.6
551.4,519.15,144.8
547.45,540.7,144.1
544.25,531.65,144
520.15,528.1,137.45
531.85,522.4,134.35
541.9,529.8,135.95
549.05,527.6,135.5
578.8,519.7,134.4
583.7,544.25,128.4
588.2,537.3,137.4
585.8,534.15,138.4
603.05,536.1,135.6
610.3,526.2,134.65
606.95,524.95,135.25
598.9,521.85,137
592.15,522.2,133.7
619.6,520.55,131
617.2,479.1,130.2
632.4,469.3,129.8
615.25,443.1,131.15
620.5,403.2,126.95
608.55,402.15,125
617.15,373.25,124.15
607.8,374.75,122.7
607.5,390.1,122.85
605.8,383.95,121.25
581.4,389.1,121.8
598.75,396.1,120.1
591.6,380.45,118.35
571,376.8,109.8
594.9,386.65,109.15
600.05,363.85,113.55
576.95,350,110.55
574.3,313.5,98.8
582.65,292.35,94.75
544.15,244.3,75.95
462.65,195.45,71
514.5,177.95,85.2
540.6,189.45,80.85
529.2,174.15,76.8
535.45,164.85,72.4
523.65,158.4,71.3
541.5,155,71.95
560.9,150.4,68.9
538.75,149.9,71.1
529.95,140.65,70.55
464.9,126.6,69.85
468.2,113.95,69.05
505.35,117.6,76.2
531.05,113.9,74.85
544.9,116.65,72.9
498.45,120.05,71.65
469.7,122.35,72
444.5,125,69.55
416.95,122,70.7
410.25,128.1,71.1
425.85,133.35,71.35
403.35,140.05,72.15
378.95,140.6,71.7
371.15,136.95,70.6
359.95,130.5,69.15
353.85,124.1,66.15
365.05,119.35,70.3
344.95,117.75,70.5
339.05,113.75,72.05
330.15,109,72.7
317.85,103.55,75.95
328.75,98.4,77.8
321.65,95.55,73.3
308.05,93.05,74.7
301.9,90.75,73.95
303.8,91.65,73.45
310.65,95.05,72.6
314.95,99.8,69.3
332.6,104.8,70.5
339.8,109.35,69.25
355.15,107.7,69.7
391.7,105.9,71.1
410.35,108,66
413.2,106.25,67
396.35,100.95,64.15
410.75,105.55,62.5
404.3,110.85,64.4
413.7,115.35,62.95
408.15,121.15,64.9
394.6,127.25,63.05
375.3,133.65,65.45
370,140.35,64.45
387.05,147.4,65.15
391.1,149.7,64.05
409.75,150.45,64.65
415.8,158,64.95
440.15,165.9,66.95
434.7,174.2,68.55
407.25,176.25,63.3
427.7,180.75,62.25
427.7,189.35,60.65
435.3,198.85,59.75
438.05,208.8,61.05
443.65,198.4,59.7
461.85,188.5,59.8
499,179.1,59.95
456.45,188.1,59.1
453.2,179.35,58.85
472.25,172.7,60.5
457.55,165.7,59.05
453.1,159.95,57.95
462.3,167.95,58.95
477.55,167.35,60.85
474.75,172.45,58.9
466.45,165.75,57.55
459.9,157.65,57.9
457.2,153.4,57.5
456.45,151.9,57.9
454.85,147.8,56.15
458.4,141.6,59.25
466.55,148.25,56.75
456.4,143.1,57.35
478.25,140.45,57.65
476.2,143.2,59.95
464.9,140.4,57.6
475.75,141.4,59.35
495.5,141.5,58.2
497.15,140.5,57.1
499.65,145.95,56.95
493.85,151.1,57
509.95,156.65,55.7
526.05,157.7,55.1
535.05,155.45,57.65
506.2,151.05,55.05
486.15,151.3,53.4
490.85,147.55,52.3
487.2,145.25,51.1
486.75,142.3,50.9
494.05,148.05,47.7
517.1,146.05,50.1
520.1,144.8,51.05
535.6,148.7,51.05
542.5,145.1,54.55
577.6,148.3,53.8
561.7,150.95,57.3
558.2,151.8,58.85
579.75,159.95,70.65
588.55,164.6,72.75
615.95,163.65,75.1
619.35,168.75,68
624.4,169.5,71.1
610.4,160.85,66.45
618.45,169.05,69.85
634.4,179.05,72.2
640.75,178.45,76.65
655.45,187.9,76.35
635.6,191.3,81.55
607.15,189.2,80
605.55,187.5,80.65
635.25,188.85,92.05
658.85,195.55,86.85
665.45,199.4,84.5
648.3,217.05,84.4
632.3,224.5,90.3
634.4,234.75,90.95
637.15,233.3,92.1
626.35,237.85,93.1
615.1,231.05,93.75
624.5,223.6,92.85
641.65,218.2,90.6
662.6,229.15,95.55
682.8,230.1,97.3
684.55,225.6,94.7
676.65,235.6,95.65
679.9,245.15,95.1
681,242,91.25
685.45,252.65,94.05
737.55,259.15,90.7
794.75,248.2,94.05
792.95,235.95,93.35
889.65,247.75,112.05
903.3,260.15,126.55
882.4,273.2,127.6
926.3,286.9,130.25
941,301.25,128.4
948.5,314.35,122.25
926.35,330.1,126.5
913.25,346.65,126.15
950.95,364,138.7
1034.25,382.2,152.6
1061.75,401.35,167.9
1083.3,421.45,176.3
1117.85,411.15,174.75
1100.75,400.25,178.45
1133.4,387.5,176.55
1079.05,399.8,170.05
1043.55,398.05,165.3
1066.4,400,159
1045.4,399.7,154.6
1006.8,400.3,159.55
1002.9,409.9,160.5
995.5,409.95,159.8
1009.35,398.55,160.05
978.05,394.1,155.35
974.5,394.7,157.2
955.35,375.65,149.55
938.8,371.3,155.45
961.3,383.5,156.4
978.4,398.45,157.4
1004.1,416.6,156.35
1044.4,395.8,153.15
1003.05,376.05,158.25
1009.2,372.1,155.25
978.2,376.35,153.7
984.85,358.05,146.35
961.4,348.4,146.05
989.6,344.35,148.95
973.15,342.95,149.1
1000.85,340.5,145.65
1015.3,327.2,140.05
1019.3,336.85,148.5
1068.1,354.45,178.2
1090.1,370.15,169
1147.3,366.95,180.15
1153.6,362.35,184.25
1185.2,357.5,182.3
1189.85,350.05,183.45
1165.55,374.25,177.5
1171.05,378.55,176.4
1187.8,375,189.85
1199.95,365.1,195.5
1222.2,350.45,193.5
1204.55,347.75,191.9
1218.35,339.25,190.15
1221.75,336.45,211.05
1301.65,337.25,212.2
1321.85,326.9,213.55
1286.65,324.45,210.95
1261.3,310.45,208.8
1175.8,301.85,200.25
1072.85,285.95,193.75
1099.05,284.7,200.9
1092.1,291.65,214
1130.75,291.9,203
1122.4,284.4,192.9
1113.1,285.35,202.65
1141.2,272.2,197.95
1099.65,265.85,200.15
1107.45,267.85,202.15
1127.75,271.65,199.85
1128.25,277.45,201.2
1134.6,279.75,203.85
1146.6,285.4,200.05
1155.25,289.95,200.1
1207.35,279.3,204.05
1215.7,282.85,222.5
1224.75,281.75,218
1176.2,276.85,223.85
1212,272.3,226.95
1234.45,276.55,227.4
1274.6,268.2,227.2
1260.95,266.6,218.9
1235.05,261.6,206.5
1235.6,254.2,207.15
1275.5,253,209.8
1282.35,254.85,220.55
1366.6,257.4,217.75
1387.45,260.35,231.85
1413.7,275.5,227.35
1457.6,295.45,226.6
1485.95,292.8,219.8
1475.25,285.7,222.7
1459.75,284.05,222
1447.25,278.3,230.75
1434.6,278.45,239.2
1494.75,291.15,286.4
1509.75,301.5,279.75
1477.65,298.55,269.5
1502,305.45,279.4
1531.7,326.75,277.45
1546.2,322.25,276.9
1589.6,328.55,284.65
1636.6,344.9,325.4
1604.7,338.7,307.5
1555.65,321.95,296.35
1478,332.1,298.4
1492.5,330,286
1501.6,328.35,281.85
1473.1,328.25,278.15
1453.8,318.95,265.6
1471.2,308.3,273
1464,300.6,272.75
1447.75,310.65,262.3
1431,316.9,260.8
1398.05,311.5,257.5
1388.15,294.55,261.35
1411.1,302.7,260.8
1442.85,302,257.8
1465.15,298.65,259.9
1455.6,301.35,262.65
1469.6,316.4,263.05
1456.15,312,264.95
1472.65,311.05,262.5
1456.65,313.05,270.1
1462.4,320.35,280.2
1508.95,346.5,300.25
1519.4,334.6,299.65
1501.25,327.8,288.75
1504.6,326.95,296.7
1501.1,330.2,296
1490.9,329.3,288.05
1506.55,327.25,284.5
1542.55,319.25,291.2
1553,312.65,284
1577.6,311.1,288.35
1570.45,321.45,293.45
1637.9,331.15,293.85
1690,331.8,302.45
1686.3,332.5,308.15
1646.55,335.4,309.4
1623.7,337.55,306.9
1646.05,328.8,304.8
1674.65,326.7,309.15
1640.8,328.7,305.8
1725.25,326.65,301.4
1783.85,325.25,296.85
1742.25,325.1,299.9
1730.4,340.9,300.5
1729.15,326.55,307.35
1704.8,325.15,311.8
1659.6,325.2,314.9
1697.25,325.05,318.3
1706,328.65,320.1
1704.9,330.1,324.9
1683.2,335.65,329.85
1699.4,345.6,329.95
1754.8,359.45,343.1
1732.05,360.25,340.8
1740.05,351.75,345.7
1713.15,349,343.6
1683.1,350,349.85
1655.25,351.55,358.7
1669.55,343.1,345.2
1703.7,339.45,327
1707.6,340.15,335.75
1709.2,343.55,339
1726.9,346.4,349.45
1735.7,352.75,339.1
1776.25,352.15,339.25
1820.55,347.95,329.1
1798.1,348.5,329.4
1786.8,343.45,326.75
1731.9,325.8,317
1670.3,320.9,317.8
1683.6,318.6,308.5
1747.7,330,309.65
1713.45,330.35,301.95
1685.2,338.2,304.1
1709.9,339.85,299.15
1683.55,346.85,294.1
1683.75,343.7,291.6
1721.3,359.5,290.45
1699.15,348.6,296.45
1728.6,341.1,294.2
1773.2,337.75,291.8
1788.75,337.85,288.2
1792.65,332.05,290.95
1797.5,330.35,309.65
1839.15,330.75,301.3
1812.5,330.05,297.7
1806.6,330.05,295.55
1801.35,331.5,297.65
1721.8,330.3,291.9
1747.45,331.55,285.15
1712.35,347.1,300.35
1817.65,346.9,314.65
1848.45,341.6,321.25
1878.45,338.15,320
1890.45,337.05,322.3
1901.05,334.2,320.8
1914.45,337.4,322.5
1874.25,344.7,321.2
1849.9,338.15,312.65
1826.1,330.8,319.8
1842.1,329.95,312.85
1829.6,330.55,311.8
1821.6,329.9,313.35
1810.35,329.45,312.5
1840.15,329.8,311.15
1864.9,317.9,310.65
1851.8,318.8,306.75
1848,317,304.65
1880.6,322.05,313.35
1977.9,324.3,315.4
1983.75,336.45,323.45
1981,336.15,320.35
2014.8,344.9,325.7
1997.1,346.55,329.7
2095.9,342.9,331.4
2040.6,342.3,335.8
2077.45,349.95,334.05
2074.85,359.1,336.65
2068.3,359.6,352.6
2074.1,352.65,353.3
2097.9,326.95,345.25
2088.75,307.95,368.45
2050.5,305.85,374.9
2010.8,313.35,385.85
2075.45,318.75,399.8
2093.3,321.4,403
2114.55,321.95,406.25
2107.35,327,408.55
2084.4,323.6,419.55
2027.95,326.95,420.55
2065.25,339.2,425.6
2078.8,343.95,428.8
2093.35,345.2,425.75
2094.6,339.1,423.6
2070.45,398.1,442.35
2073.55,412.9,432.05
2066.55,398,425.4
2057.8,438.75,435.85
2121.4,433.7,429.25
2125.95,468.7,437.85
2145.5,511.85,475.65
2203.65,537.05,492.15
2184.15,532,493.9
2166.95,486.3,483
2182.2,467.8,473.9
2141.65,451.95,472.2
2136.4,457.35,474.75
2098.75,429,451.8
2052.45,424.7,433.3
2018.55,441.15,450.85
2082.75,445.95,461.3
2114.8,443.5,462.95
2163.4,441,456.4
2209.35,456.15,469.9
2163.6,462.45,470.6
2205.35,483.45,466.65
2198.5,469.9,474.9
2185.1,458.65,460.55
2184.3,447.9,457.6
2194.65,466.95,474.7
2194.4,466.5,474.95
2242.7,464.05,464.9
2294.95,461.55,468.1
2283.3,453.95,475.35
2288.1,454.85,474.8
2285.3,448.75,474.95
2290.1,403.9,474.9
2281.55,417.25,474.95
2316.85,417.2,475
2330.65,418.2,474.8
2351.45,419.1,475
2409,422.1,474.75
2413.6,425.75,470.75
2458.5,439.6,465.15
2483.2,437.15,474.8
2487.6,432.7,462.9
2494.55,430.75,473.4
2455.1,428.55,493.45
2444.95,425.35,503.75
2437.9,427.1,504.9
2409.65,423.6,506.65
2402.35,418.05,510.1
2421,430.25,513.7
2408.9,425.25,533.85
2400.95,421.3,535.3
2438.8,416.25,530.3
2422.05,415.7,544.65
2409.35,425.4,549.8
2400.6,432.4,542
2398.1,434.35,550.1
2413.65,433.2,537.45
2490.5,426.45,526.45
2470.2,422.35,540.95
2528.45,429.95,547.55
2654.15,426.5,551.8
2701.65,431.6,563.9
2695.85,430.25,569
2688,431.9,574.6
2725.5,431.7,569.5
2713.2,434.55,580.4
2719.7,435.25,576.75
2720.85,434.85,589.35
2711.7,435.3,609.7
2705.3,434.2,602.95
2650.5,458,607.6
2557.65,480.75,610.9
2635,477.6,600.3
2659.8,470.65,614.65
2660.8,470.35,611.95
2651.25,469.35,611.4
2681.4,479.65,614.2
2753.55,485.9,635
2794.65,492.95,644.1
2775.3,478.9,631.55
2848.65,485.1,619.65
2798.4,485.35,639.65
2779.4,478.55,616.65
2784.4,480.65,610.95
2796.15,479.65,613.4
2731.75,485.25,627.9
2749.15,487.75,643.45
2783.35,519.6,655.2
2871,514.6,695.3
3004,511.8,739.15
2997.4,512.95,747.5
1480.6,510.2,762.2
1459.4,516.5,762.15
1469.1,519,755.7
1472.35,516.45,759.75
1469.8,514.25,780.1
1450.7,524.8,787.75
1445.75,527.5,798.85
1459.15,526.2,772.8
1458.4,526.4,773.95
1443.3,526.2,770
1440.45,527.4,775.75
1448.45,534.1,793.25
1455.6,543.5,793.6
1450.85,535.2,774.6
1491.2,534.35,773.55
1469.9,526.8,774.95
1547.45,515.35,783.4
1534.75,514.75,779
1581.7,515.05,799.45
1596.35,514.55,783.85
1567.95,505.45,779.25
1547.25,504.55,793.65
1552,499.8,798.15
1523.75,506.9,797.6
1543.35,501.95,805.4
1523.7,499.3,784.9
1504.9,506.4,759.95
1519.7,500.25,751.2
1514.45,488.3,765.8
1487.15,491,771.6
1490.2,483.2,772.9
1486.55,485.8,791.2
1490.1,478.2,783.95
1498.8,473.75,777.35
1479.1,466.2,770.6
1488.95,470.2,774.45
1510.95,467.25,798.6
1530.75,472.1,806.4
1548.75,480.15,799.25
1582.35,481.95,810.3
1610.35,489.5,811.9
1614.35,481.8,809.15
1600.45,475.3,815.8
1610,471.95,809.9
1574.6,465.4,795.9
1567.8,455.15,782.75
1581.45,465.9,781.55
1590.85,465.4,778.6
1560.1,462.6,772.3
1561.2,457,761.6
1562.45,462.7,763.85
1598.1,460,764.2
1638.45,457.95,758.55
1611.15,460.05,734.65
1633.75,461.65,730.15
1613.25,460.45,713.6
1592.7,472.1,707.35
1576.6,481.65,713.3
1571.2,484.35,741.85
1574.3,486.7,719.95
1600.15,487.1,707.15
1585.45,482.05,671.75
1606.9,459.4,670.05
1565.7,459,661
1532.65,458.45,687.45
1490.55,459.2,698.65
1496.85,457.8,705.5
1493.45,458.9,690.5
1470.15,459.55,688.05
1454.35,453.4,688
1451.5,456.4,684.25
1452.1,444.2,681.7
1444.9,450,701.4
1445.1,451.3,693
1444.9,454.75,689.05
1456.75,472.9,699.95
1467,470.75,699.1
1484.3,465.75,703.85
1480.15,462.85,703.6
1541,470.4,704.75
1476.5,468.2,700.4
1429.8,464.75,697.5
1374.5,454.5,688.75
1327.85,445.85,659.65
1316.6,438.25,643.8
1261.75,432.4,635.65
1305.7,432.75,644.1
1286.95,432.75,640.1
1286.55,423.9,633
1246.8,413.45,634.05
1268.4,433.8,651.5
1294.7,435.45,630.95
1321.8,429.6,622.35
1300.2,424.7,629.35
1313.3,422.7,641.55
1307.35,423.9,620.7
1294.35,416.15,611.1
1286.15,415.25,591.45
1260.65,408.8,587.45
1245.95,414,561.4
1246.1,405.05,544.4
1214.3,408.55,599.6
1209.55,410.3,590.65
1226.8,415.05,595.1
1217.8,415.3,589
1239.2,409.8,590.25
1204.15,408.85,565.05
1209.9,417.15,600.1
1255.9,427.4,614.05
1298.5,415.85,611.6
1328.1,428.95,600.55
1332.1,431,615.45
1351.25,430.5,630.2
1339.1,426.05,633.6
1335.75,425.4,648.75
1329.8,448.15,619.55
1307.2,429.6,604.9
1264.3,426.45,580.35
1282.25,432.8,614.7
1269.15,441.85,617.7
1335.5,530.25,617.35
1350.1,547.05,636.35
1376.9,515.2,626.35
1365.45,541,632
1390.6,578.55,645.55
1417.05,564.05,663.4
1401.3,550.15,659.55
1374.15,558.65,664.35
1383.3,522.05,646.15
1365.95,540.4,646.7
1372.35,527.9,648.15
1358.95,513.7,632.9
1358.35,504.3,629.25
1355.5,528.95,631.55
1362,532.15,642.15
1359.95,518.65,638.65
1354.45,517.9,647.8
1381.2,516.6,665.05
1402.6,515.75,693.75
1406.9,516.25,708.5
1420.95,524.3,699.85
1463.25,523.7,699.4
1458.95,527.2,721.45
1456.95,524.75,710.6
1438.15,522.05,718.05
1451.6,528.8,716.95
1440.25,530.9,720.9
1416.95,530.05,715.35
1382.1,525.45,719.4
1398.75,516.55,715.9
1419.65,516.4,700
1437.8,533.45,704.4
1452.55,546,708.4
1474.4,537.95,711.25
1465,540.45,705.75
1477.7,536.95,704.5
1485.6,540,708
1474.45,548.25,708.6
1477.7,528.5,699.5
1474,521.6,691.2
1440.55,506.3,652.25
1367.15,495.85,637.65
1303.35,483.55,621.4
1285.9,485.7,625.8
1319,488.45,640.4
1295.9,487.8,636
1310.85,488.7,631.2
1319.25,484.3,641.55
1308.45,482,641.05
1336.6,495.95,638.25
1299.65,496.8,624.15
1310.15,521.55,633.7
1287.4,506.35,622.5
1292.9,495.8,619.65
1330.8,484.05,608.25
1305.05,490.5,601.2
1311.55,485.95,595.05
1290.25,484.7,595.4
1297.05,486.9,630.75
1316.5,493.7,613.55
1327.9,518.4,616.7
1344.5,521.05,631.85
1335.6,512.45,633.45
1368.5,508.4,625
1375.8,502.25,614
1361.7,545.5,619.15
1350.05,560.75,635.6
1330.9,564.2,631.1
1333.4,560.9,622.2
1324.85,550.65,624.95
1345.1,552.5,622.1
1373.65,548.15,601.7
1369.7,537.8,581.15
1344.95,534.3,583.7
1342.7,513.4,571.9
1311.8,497.95,578.35
1321.35,487.05,566.1
1342.45,484.55,569.9
1336.55,506.3,580.2
1387.75,522.25,597.9
1383.3,518.35,605.5
1420.1,518.05,616.4
1401.85,514.25,609.9
1407.1,515.25,620.8
1423.15,517.25,628.6
1424.45,519.95,618.6
1427.7,518.85,626.45
1437.25,526.05,640.4
1455.95,517.2,636.4
1459.8,514.2,639.4
1452.1,516.7,631.75
1425.85,539.65,684.95
1451.8,556.05,707.35
1430.7,547.3,717.5
1422.2,539.55,721.25
1416.9,551.3,738.3
1434.75,545.1,727.25
1424.55,535.1,711.8
1419.5,539.55,727.2
1448.55,540.8,725.45
1446.4,535.6,706
1425.75,544.25,705.15
1434.4,537.5,693
1448.35,535.7,700.65
1469.6,526.05,710.15
1486.4,523.15,711.9
1484.8,513.8,689
1454.65,510.4,682.15
1419.65,500.55,689.85
1398.55,498.1,678.15
1415.7,498.45,671
1426.2,512.1,697.9
1486.05,514.7,687.05
1456.85,500.4,708.4
1454.55,497.75,701.45
1456.35,497.15,693.1
1452.4,501.65,673.45
1437.75,496.5,637.65
1427.15,495.25,637.6
1481.25,506.75,657.95
1544.85,501.2,639.5
1516.05,496.45,631.95
1517.4,501.5,622.2
1503.7,577.75,611.85
1573.55,537,615.25
1573.55,547.5,628.85
1628.1,544.1,624.9
1667,551.45,625.35
1643.7,549.45,629.25
1640.45,547.4,633.1
1625,553.2,652.9
1625.45,551.65,643.45
1573.35,552.35,634.55
1600.15,547.9,632.4
1629.3,541.7,631.85
1628.6,566.3,630
1626.15,552.2,641
1601.95,565.65,637.65
1628.1,561.2,645.8
1603.1,544,628.5
1542.35,536.65,653.75
1548.6,525.75,637.85
1509,535.05,636.35
1545.4,531.9,633.2
1515.4,528.3,632.05
1539,524.4,634.7
1535.95,512.95,638.45
1519.5,503.35,635.85
1493.6,501,622.55
1497.95,507.15,629.8
1503.1,514.4,634.35
1553.55,526.45,641.6
1578.75,531.4,657.8
1586.25,528.95,654.65
1586.3,525.4,670.75
1633.4,532.4,689.5
1654.35,527.65,674.3
1607.65,545.25,677.9
1636.65,559.3,670.45
1613.55,545.4,661.05
1641.3,540.25,647.35
1694.4,532.5,668
1751.65,542.6,674.9
1757.6,541.25,696.5
1756.7,541.9,685
1729.9,539.35,691
1713.5,539.8,689
1718.6,541.45,704.1
1727.9,537.05,711.55
1744.75,535.1,696.6
1724,525.3,692.75
1715,518.15,668.15
1745.55,517.55,648.7
1737.85,506.5,645.15
1716.25,502,645.15
1725.7,500.4,646.8
1718.2,484.55,649.25
1692.4,481.4,649.55
1623.25,480.25,645.6
1600.1,470.25,648.3
1600.05,461.75,634.95
1654.8,453.2,634
1639.25,456.3,645.2
1617.9,460.35,636.8
1649.1,424,630.35
1669,435.75,637.2
1703.85,447.3,648.85
1714.55,448.85,652.3
1700.3,450.6,663.25
1724.45,438.05,659.9
1728.1,424.55,662.95
1670.35,421.2,655.1
1631.1,404.6,652.7
1659.85,402.65,649.25
1649.1,404.9,639.9
1651.65,419.45,640.35
1650.75,405.55,633.1
1641.1,400.1,632.85
1600.65,408.15,638.45
1614.3,414.75,639.45
1611.75,422.65,631.55
1598.55,422.8,633.35
1611.15,438.3,639.75
1625.5,438.25,612.75
1609.85,442.3,611
1602.35,429.25,606.15
1591.4,420.05,603.4
1475.5,436.2,612.95
1494.5,418.3,605.3
1425.55,420.55,607.05
1468.6,421.8,590
1456.75,424.7,601.2
1448.45,429.15,610.05
1422.35,436.65,627.25
1429.5,438.5,651.4
1456.9,455.8,649.55
1475.6,453.55,647.1
1430.75,454.65,649.9
1423.55,467.9,650.05
1452.5,468.85,677.25
1454.75,469.95,681.05
1467.75,453.55,684.8
1561.35,449.6,693.8
1574.55,452,720.85
1580.65,455.7,730.05
1587.85,457.65,726.9
1539.75,436.35,722.1
1550.2,449.2,750.65
1601.3,458.95,777.4
1610.8,455.9,773.8
1607.45,494.25,791.95
1611.85,488.45,787.4
1640.7,493.4,790.2
1636.85,504.45,822.6
1649.45,514.05,822
1701.7,507.15,811.7
1736.05,508.6,804.3
1748.15,513.1,797.95
1732.35,526.15,795.1
1747.7,529.85,785.5
1811.6,544.05,806.25
1804.35,580.55,818.75
1809.25,578.9,802.8
1803.5,585,784.05
1785.8,579.7,799.5
1762.9,579.45,761.5
1706.1,582.95,773.95
1766.5,641.85,790.5
1801.6,637.2,773.25
1774.2,633.75,781.65
1749.95,630.05,778.3
1737.35,626.85,762.3
1701.9,609.4,767.25
1703.95,603.9,770.05
1733.2,609.8,794.4
1752.85,614.75,802.2
1787.75,630.95,808.65
1782.95,622.15,819.05
1764.85,617.35,789.6
1736.1,613.1,780.7
1721.65,601.6,786.4
1710.75,610.15,791.15
1688.8,612.1,813.05
1734,601.2,815.05
1688.6,609.3,814.35
1709.35,598.85,810.05
1661.9,598.5,804.8
1662,607,799.75
1637.8,605.85,795.7
1652.7,611.5,814.35
1678.8,635.95,834.7
1655.2,664.7,864.1
1647.4,705.05,875.25
1633.45,709.3,865.55
1650.75,711.95,868
1647.55,692.7,845.15
1633.75,687.6,867.35
1637.85,673.9,878.15
1639.45,665.15,883.05
1649.5,672.7,884.75
1672.35,708.1,889.3
1716.05,700.35,892.3
1729.7,703.6,892.1
1708.7,702.25,869.1
1675.7,699.35,848.95
1648.05,697.9,849.5
1654.7,704.05,841.25
1606.45,737.9,863.25
1582.4,738.05,861
1591.05,731.7,873.8
1624.45,734.75,889.55
1592.15,748.55,874.65
1560.5,702.75,845.85
1502.95,720.3,893.8
1518.1,717.25,879
1489.95,725.5,855.85
1518.2,719.05,858
1503.75,710,859.15
1558.15,715.75,852.55
1586.9,718,876.1
1608.65,709.4,850.3
1614.35,705.35,860.25
1575.35,682.9,869.85
1528.5,699.8,859.45
1517.45,687.6,861.4
1507.25,661.45,847.8
1487,683.25,851.6
1500.65,675.75,847.05
1492.75,673.35,843.95
1515.9,668.8,842.25
1529.25,663.55,849.1
1521,655.7,849.4
1511.4,653.9,845.15
1498.8,636.1,847.25
1496.45,638.3,848.7
1492.3,653.2,852.9
1541.1,655.15,854.6
1544,658.95,861.3
1527.35,654.55,870.05
1563.45,662.55,878.75
1570.95,662.1,877.45
1560.5,646.95,870.05
1549.9,649.1,891.1
1527.3,648.5,861.9
1542.45,652.45,862.25
1535.4,653.7,862.5
1535.2,642.65,871.95
1536.25,638.45,869.6
1545.4,639.1,873
1548.4,638.25,874.5
1558.35,643.95,876.15
1558.75,680.55,903.15
1550.25,684.35,912.45
1572.85,675,908.5
1558.1,692.05,936.75
1561.95,695.85,918.55
1583.2,684.9,906.55
1555.95,677.25,907.55
1539.2,662.8,912
1505.7,677.2,926.45
1524.4,681.75,939.1
1511.5,696.3,961.35
1490.6,688.45,966.15
1499.05,683.3,963.25
1486.45,681,970.75
1445.05,713.2,987.7
1520.9,731.3,1019.85
1547.8,713.95,1007.9
1592.1,722.35,1054.65
1561.4,729.35,1080
1559.25,733.85,1069.25
1560.95,717.35,1047.65
1582.45,720.75,1027.6
1583.25,727.8,1020.1
1604.9,744.6,1037.7
1604.3,743.9,1044.75
1615.15,741.15,1043.1
1625.15,745.25,1049.2
1610.4,769.7,1035.75
1636.45,805.7,1064.05
1667.15,830.8,1065.65
1678.55,885.5,1106.35
1691.15,898.85,1111
1676.2,912.45,1089.85
1708.5,942.7,1082.35
1688.6,916.15,1095.7
1692.75,895,1081.35
1696.4,937,1075.65
1712.35,926.2,1081.6
1724.65,881.9,1080.95
1710.2,824.95,1081.2
1711.4,791.75,1084.9
1721.35,796.05,1065.4
1691.15,765.05,1037.6
1624.85,787.4,1058.2
1631.2,796.2,1049.05
1617.2,800.75,1047.45
1662.5,806.45,1053.95
1647.45,805.35,1046.9
1644.95,783.05,1044.25
1641.85,783.35,1070.55
1688.2,787.4,1062.3
1682.7,772.35,1045.65
1709.35,749.85,1070.3
1715.35,743.4,1098.85
1693.35,747.05,1081.8
1714.65,764.7,1092.55
1744.5,765.15,1120.25
1738.6,763,1105.95
1748.55,761.9,1093.65
1790.55,779.5,1090.85
1800.6,827.15,1114.7
1809.2,823.05,1128.7
1788.05,836.1,1162.5
1798.55,854.55,1165.8
1820.1,873.6,1179.75
1830.1,893.7,1191.4
1810.4,925.2,1179
1781.25,954,1182.15
1761.25,918.4,1196.25
1751.05,861.25,1175.95
1753.55,872.4,1180.35
1746.35,854.9,1201.05
1742.95,861.85,1200.05
1758.65,859.4,1204.85
1744.3,853.7,1206.35
1752.2,841.1,1224.2
1751.45,848.6,1247.9
1755.25,871.7,1290.9
1773.95,870.5,1270.9
1772.1,881.25,1299.45
1786.4,883.1,1302.9
1769.25,920.65,1329.7
1759.1,858.85,1303.5
1788.05,858.4,1332.2
1809.85,847.9,1274.55
1802.15,851.55,1284.75
1816.45,860.95,1291
1845.95,856.95,1288.65
1897.75,855.6,1261.65
1858.6,849.85,1300
1846.75,846.25,1322.8
1861.85,841.7,1303.4
1844.5,838.25,1309.85
1852.05,833.55,1371.15
1856.7,846.25,1378.15
1842,836.85,1369.9
1835.85,841.65,1358.85
1813.55,838.75,1346.6
1850.55,829,1345.25
1827.7,824.65,1336.9
1819.35,853.75,1327.25
1815.45,861.6,1364.9
1817.9,878.65,1362.75
1821.1,872.7,1368.2
1862.45,866.15,1361.95
1950.4,882.2,1377.15
1930.9,900.75,1369.8
1926.95,892.4,1364.75
1957.25,893.6,1363.85
1929.2,925.15,1346.55
1949.65,938.05,1333.8
1940,939.3,1315.85
1961.05,923.45,1310.95
2006.65,911.5,1303.45
2056.55,936.4,1290.45
2083.65,940.75,1291.6
2081.4,934.45,1292.95
2107.3,924.8,1286.75
2095.55,920.6,1300.15
2143.05,915.8,1299.75
2112.8,902.5,1273.3
2089.15,888.65,1313.5
2106.35,906.8,1350.6
2146,915.6,1337.45
2134.2,906.5,1352.75
2137.5,903.55,1352.25
2131.15,911.65,1365.15
2131.9,910.3,1350.15
2202.25,914.9,1386.5
2214.9,930.6,1387.15
2205.6,917.3,1385.1
2196.9,914.4,1383.85
2198.45,916.3,1371.25
2157.9,909.95,1405.45
2138.15,888.25,1385
2118.1,867,1393.85
2093.35,873.65,1406.05
2115.35,840.35,1385.8
2076.5,829,1382.35
2052.75,842.6,1371.45
2059.25,859.9,1391.35
2058.1,866.75,1389.55
2067.15,869.2,1320.1
2033.25,854.1,1302
2013.05,857,1307.65
2080,837.1,1300.5
2086.65,832.65,1295.25
2031.85,841.5,1305.1
2028.35,852,1291.75
2027.15,850.35,1296.15
2055.95,850.85,1292.5
2064.6,839.75,1280.3
2094.7,841.9,1279.85
2081.8,835.25,1261.6
2063.8,825.55,1250.95
2046.85,823.2,1244.85
2044.75,809.1,1241.95
2076.15,778.9,1259.4
2018.8,756.65,1291.95
2002.6,763.1,1289.3
1970.35,777.05,1278.1
1946.6,770.3,1271
1988.05,825,1285.1
1982.7,831.3,1264.8
1983.55,823.9,1239.05
1993.65,850.45,1286.6
2009.55,843.15,1279.35
1921.6,844.85,1311.1
1964.1,810.2,1281.35
1973,807.5,1282.3
2028.3,805.3,1257.2
1989.2,807.2,1271.6
1973.4,804.55,1248.3
1973.3,803.55,1258.3
1994.25,810.35,1284.75
2013.45,804.7,1278.85
1986.3,801.65,1262.35
1955.95,797.05,1252.6
1895.4,795.45,1266.45
1854.8,795.1,1299
1850.3,772.6,1283.45
1812.1,765.25,1253.5
1835.9,763.9,1249.1
1840,762.05,1236.05
1755.3,765.5,1209.7
1820.65,766.35,1174.3
1802.5,759.55,1136.5
1801.25,771.55,1148.1
1799.55,780.65,1173.1
1781.3,777.3,1182.55
1752.7,759.05,1206.9
1692.35,757.1,1195.15
1673.6,756.3,1172.8
1701.25,756.05,1172.6
1705.45,754.95,1136.95
1703.45,752.45,1123.75
1721.35,750.35,1110.7
1701.65,750.3,1119.5
1721,748.7,1113.65
1724.7,761.2,1124.25
1770.65,752.75,1145.65
1791.7,778.6,1171.45
1792.1,776.6,1222.05
1762.85,779.55,1239.15
1805,766.85,1290.5
1838,761.55,1261.1
1895.7,751.4,1215.7
1900,741.9,1226.25
1880.4,750.7,1268.1
1860.05,729.6,1242.3
1807.5,734.15,1260.05
1827.1,751.9,1281.35
1848.45,764.15,1362.1
1838.65,757,1390
1826.5,757,1399.45
1858.05,762.55,1410.95
1862,760.95,1378.75
1819.3,762.85,1380.35
1787.7,754.75,1401.15
1822.05,722.65,1473.6
1806.5,707.9,1509.25
1832.05,698.5,1581.15
1863.8,671.45,1492.4
1853.85,686.3,1444.3
1849.35,669.6,1425.2
1813.45,669.45,1441.85
1804.65,679.5,1455.6
1818.1,690.25,1474.85
1840.6,667.8,1482.05
1824.55,667.5,1470.75
1837.9,662.95,1472.35
1820.5,664.45,1477.9
1759.5,669.2,1457.75
1767.95,662.05,1467
1755.9,661.25,1454.35
1745.9,658,1503.35
1745,650.5,1493.65
1767,624.55,1494.9
1783.2,623.65,1456.4
1743.15,617.95,1437.6
1708.3,619.25,1439.65
1764.65,616.9,1438
1808.8,635.3,1439.35
1828.75,634.45,1429.65
1835.65,621.4,1422
1820.35,623.1,1397.55
1830.05,621.1,1341.5
1794.55,620.35,1376.5
1799.55,629.85,1374.15
1787.1,635.05,1348.5
1838.2,642.5,1384.75
1923.95,641.15,1439
1922.9,667.15,1418.85
1913.3,638.35,1417.75
1890.05,635.2,1408
1876.6,635.25,1413.4
1879.5,624.95,1387.15
1863.05,634.2,1392.1
1898.2,655.45,1394.9
1862.4,668.45,1449.35
1876.55,663.5,1441.15
1869.65,660.9,1481.15
1901.7,643.2,1420.05
1907.55,629.85,1410.6
1909.55,636.95,1374.55
1896.7,630.35,1325.35
1966,633.4,1340.95
1985.35,646.15,1356.35
1975.5,633.05,1313.15
2001.8,623.45,1302.6
2001.85,614.35,1253.7
2032.15,613.2,1210.5
1996.2,610.75,1179.9
1925.8,589.6,1143.95
1934.75,578.5,1129.85
1933.8,590.45,1102.55
1909.25,607.25,1069.9
1875.95,582.5,1019.95
1808.75,569,1016.1
1771.55,568.3,1052.8
1782.3,586.55,1132.35
1807.6,585.8,1244
1858.8,603.4,1222.5
1908.6,584.25,1150.2
1848.35,579.1,1117
1763.05,566.6,1155.4
1756.75,564.4,1100.05
1734.5,565.65,1095.75
1776.7,571.15,1137.7
1779.6,581.65,1121.05
1780.65,576.65,1042.65
1727.75,588.75,984.25
1727.75,595.9,1007.95
1740.45,590.1,1026.8
1837,590.25,1011.8
1856.1,581.8,1000.9
1837.85,583.9,985.8
1888.75,569,1066.5
1901,579.3,1095.5
1910.85,589.3,1147.25
1980.7,590.55,1165.3
1996.5,574.1,1125.9
1978.7,578.8,1145.55
2003.4,580.1,1141.1
2000.25,578.85,1179.6
2013.4,584.9,1221.85
2017.25,600.15,1245.6
2053.15,600.35,1292.85
1992.45,590,1250.45
1979.1,591.9,1181.35
2031.6,610.75,1190.95
2005.35,622.3,1170.9
1995.8,613.85,1177.5
1993.15,605.45,1165.5
1987.45,601.35,1155.5
2020,597.3,1204.8
2119.4,599,1248.05
2117.9,627.6,1261.05
2128.3,632.85,1291.1
2116.05,641,1281.8
2153.9,645.25,1263.7
2141.4,640.15,1260.9
2141.1,641.7,1295.5
2137.85,655.9,1276.95
2125.65,633.3,1277.55
2153.3,652.9,1278.45
2153.05,643.15,1289.4
2150.7,645.5,1296
2139.7,643.5,1285.3
2094.9,647.2,1274.9
2082.3,637.05,1285.8
2080.6,630.9,1274.4
2070.6,625.75,1289.5
2094.05,627.8,1316.25
2136.7,638.1,1353.05
2129.9,649,1367.35
2124.9,656.8,1368.45
2127.7,665.95,1341.1
2092,668.35,1373.2
2076.5,668.4,1409.25
2101.15,671.05,1395.2
2065.9,670.15,1411.65
2037.85,675.15,1411.25
2026.15,672.45,1401.05
2021.3,688.95,1424.95
2034.8,694.3,1426.35
2030.05,707.85,1437.8
2013.8,701.15,1427.85
1974.45,686.75,1394.9
1932.85,701,1378.4
1889.35,714.3,1398.7
1939.35,717.1,1375.85
1938.6,707.7,1389.5
1949.1,718.75,1389.55
1950.5,732.4,1410.55
1974.45,733.8,1406.2
1961.4,739.05,1469.9
1952.85,722.75,1460.35
1931.75,730.9,1452.25
1940.25,738.25,1488.8
1950,728.5,1496.85
1978.75,710.85,1500.6
1987.65,703,1492.75
1997.55,694.4,1496.5
1951.4,695.1,1481.55
1905.25,676,1483.3
1902.15,680.3,1479.85
1863.1,692.55,1495.35
1928.4,699.25,1481.9
1897,722.6,1494.75
1931.8,717,1555.25
1946.7,702.45,1531.8
1990.35,712.2,1518.55
1949.5,726.1,1524.9
1934.75,729.6,1555.95
1900.7,742.7,1581.25
1910.85,760.1,1570.3
1917.4,728.35,1569.2
1900.05,729.3,1555.5
1895.55,731.7,1551.45
1888.3,731.05,1554.05
1889.95,738.3,1555.45
1918.3,732.2,1550.35
1909.45,731.55,1560.55
1900.3,719.55,1565.9
1895.8,721.55,1553.05
1870.55,723.8,1554.9
1894,714,1584.05
1907.75,692,1573.75
1933.45,684.25,1569.5
1931.5,681.3,1596.85
1942.4,703.1,1573.5
1949.7,686.75,1574.35
1939.05,686.55,1550.55
1931.7,677.2,1491.75
1912.8,679,1535.75
1944.7,681.25,1512.2
1912.95,677.9,1498.4
1920.85,680.15,1531.15
1901.5,664.5,1492.4
1830.8,687.5,1481.3
1868.25,684.35,1484.3
1894.7,681.85,1483.15
1896.95,686.7,1493.9
1935.35,680.7,1485.75
1935.35,681.55,1465.6
1936.5,701.1,1481.9
1927.5,682.7,1482.2
1902.85,682.3,1475.4
1839.6,691.25,1503.85
1845.35,703.35,1557.45
1844.65,706.45,1540.2
1820.9,702.4,1512.3
1842.4,701.4,1529.65
1862.7,711.1,1526.3
1861.8,717.7,1553.35
1902.25,721.1,1547.9
1920.9,722.1,1571.5
1946.35,715.3,1588.95
1917.05,728.55,1585.1
1921.95,717.45,1557.6
1920.65,724.85,1616.4
1957.9,720.5,1636.7
1954.7,725.65,1672.1
2005,710.9,1694.7
1986.55,711.05,1690.75
1959,714,1647.05
1966.7,698.8,1655.8
1974.3,709.6,1670.2
1994.9,707.8,1669.2
2008.7,709.65,1651.95
1972.9,715.05,1673.3
1977.85,720.6,1684.5
1981.1,715.2,1656.95
2021.45,715.25,1660.4
2014.05,727.55,1659.95
2039.6,742.55,1697.9
2072.35,766.3,1797.7
2058,788.05,1791
2083.6,781.5,1777.45
2065.2,788.4,1751.5
2053.6,780.7,1745.75
2053.35,782.65,1758.4
2028.9,770.5,1767.9
2022.6,785.35,1756.25
2031.3,783.4,1786.1
2022.15,780,1762.4
2007.55,770.65,1757.75
2004.4,779.9,1772.7
2000.55,783.65,1767.2
2016.05,793.05,1768.95
2014.15,797.75,1765.15
2003.35,799.7,1826.75
2004.65,816.2,1813
1996.05,831.05,1856.8
1985,829.6,1872.55
1939.5,832.15,1869.9
1912.15,815.2,1877.8
1906.7,811.2,1878.15
1918.85,823.8,1879.1
1900.35,820.85,1883.85
1868.15,833,1889
1879.25,838.05,1901.7
1919.95,839.45,1900.1
1948.15,848.05,1879.85
1977.3,839.85,1805.9
2041.75,818.9,1735.65
1950.5,821.65,1771.35
1931.7,873.8,1799.9
1878.35,874.9,1780.25
1866.4,880.5,1840.95
1961.15,887.95,2043.55
1986.75,889.95,2027.85
1976.25,891.1,2005.85
1961.2,907.1,1978.3
1972,903.75,1945.75
1948.4,885.9,1989.45
1941.2,852,2020.85
1943.95,879,2083.75
1974.4,878.55,2113.75
1970.15,916.85,2113.55
2002.5,943.5,2183.55
2000.9,944.8,2146.75
2048.4,922,2149.1
2161.75,931.75,2112.05
2152.5,925.35,2040.95
2180.85,925.55,2060.5
2185.6,915.3,2025.3
2170.7,917.8,1993.95
2169.75,916.25,1967.65
2160.35,928.8,2114
2150.6,942.15,2099.15
2160.25,929.95,2072.6
2179.8,929.85,2060.25
2191.1,929.95,2032.9
2221.15,931.15,2011.95
2275.85,904.45,2005.1
2289,925.75,1999.3
2309.1,934.75,2006.55
2316.2,952.6,2009.65
2334.7,958.7,2099.9
2349.8,950.6,2175.6
2300.1,947.4,2271
2299.2,958,2221.85
2302.7,945.3,2143.75
2226.3,938.4,2180.15
2169.65,953.5,2198.1
2152.2,936.8,2126.75
2133.95,928,2142.15
2127.55,925.4,2196.55
2155.75,947.6,2189.05
2137.1,942.95,2199.5
2087.65,964.35,2183.8
2081.25,950.65,2175.25
2070.7,938.85,2231.25
2070.15,929.85,2242.05
2105.3,930.2,2285.8
2108.7,935.4,2293.05
2100.75,935,2226.3
2084.05,940.5,2213.55
2079.4,944.25,2192.4
2075.9,950.35,2198.3
2057.9,950.7,2194.2
2088.1,957.9,2206.7
2155.6,949.6,2187.05
2143.75,941.65,2190.45
2139.25,928.65,2203.95
2121.65,928.95,2249.35
2129.3,930.25,2276.8
2135.55,922.6,2253.6
2147.95,940.3,2259.7
2135,933,2276.3
2134.5,929.9,2272.6
2198.2,929.75,2284.95
2198.8,942.4,2332.3
2268.05,965.45,2374.6
2266.35,972.75,2398.3
2251.6,1018.7,2414.95
2260,1034.45,2475.55
2280.3,1053.3,2471.4
2258.7,1067.5,2437.15
2260.55,1101.95,2429.25
2258.6,1098.35,2486.05
2225.85,1098.7,2444.3
2301.9,1098.5,2437
2339.65,1102,2576
2359.3,1098.1,2612.55
2321.15,1075.85,2568.35
2354.7,1092.25,2599.1
2336.55,1079.55,2622.1
2348.45,1074.85,2575.65
2332.55,1028.2,2571.55
2302.65,1068.75,2480.6
2320.25,1068.95,2550.8
2393.45,1085.65,2687.6
2412.35,1059.2,2682.35
2412.55,1062.15,2645.35
2393.6,1043.75,2612.15
2364.95,1052.65,2525.4
2350.85,1058,2556.95
2340.8,1088.95,2653.65
2305.05,1129.65,2721.3
2351.6,1125.95,2770.05
2336.1,1114.95,2683.8
2336.35,1115.25,2701.4
2348.5,1112.6,2770.7
2376.1,1093.85,2731.7
2353.65,1110.45,2687.3
2348.8,1105.1,2727.7
2412,1020.6,2640.2
2363.55,1010.5,2565.7
2373.2,1015.6,2587.9
2412.6,1016.1,2643.75
2412.05,1011.25,2698.25
2494.9,1035.25,2726.35
2529.7,1067.6,2841.9
2517.45,1054.85,2816.65
2499.25,1069.45,2745.35
2551.25,1073.45,2795.05
2577.5,1068.35,2808.5
2611.05,1051.25,2789.7
2574.25,1041.65,2854.25
2570.7,1039.65,2883.15
2539.7,1040,2891.5
2543.4,1060.4,2897.25
2549.55,1053.15,2987.25
2599.55,1032.7,2985.65
2609.8,1033.55,2976.8
2652.85,1049.25,3278.05
2657.65,1042.05,3167.75
2643.95,1048.75,3024.9
2674.95,1041.5,3116.45
2655.3,1073.6,3095.6
2673.45,1065.15,3049.6
2675.1,1076.25,3005.6
2644,1117.15,3001.15
2614.45,1140.1,3045.5
2649.6,1150.6,3091.85
2640.8,1149.75,3087.15
2636.3,1150,3095.1
2602.35,1244.75,3105.45
2609.9,1261.05,3131
2625.1,1270.05,3199.8
2619.9,1359.5,3254.7
2614.65,1347.55,3251.45
2608.85,1318.5,3195.6
2569.5,1303.7,3302.5
2563.2,1290.1,3303.8
2521.35,1323.4,3343.35
2517.9,1316.5,3158.15
2494.75,1293.15,3200.75
2463.05,1269.6,3324.55
2503.15,1299,3326.7
2473.55,1309.65,3329.2
2477.3,1314.2,3483.6
2519.25,1309.05,3424.8
2477.7,1309.55,3459.4
2480.7,1325.65,3467.05
2484.8,1316.25,3459.15
2455.05,1307.65,3483.95
2432.45,1286.6,3499.7
2452.15,1275.65,3443.75
2451.75,1258.7,3434.75
2460.7,1229.6,3425.85
2441.5,1228.55,3495.6
2447.2,1289.8,3489.65
2450.4,1279.2,3450.05
2375.85,1267.7,3438.2
2334,1286.45,3483
2324.1,1254.2,3773.95
2363.45,1289.05,3860.2
2417.95,1267.65,3937.8
2420.15,1257.95,3901.75
2403.9,1321.95,3904.75
2404.25,1292.65,3817.4
2446.65,1298.2,3840.65
2444.3,1312.2,3870.15
2441.5,1375.4,4169.55
2419.85,1450.4,4322.6
2398.8,1460.25,4128.4
2404.7,1447.55,4050.55
2391.7,1509.3,4160.1
2349.3,1468.45,4172.3
2260.75,1471.35,4107.2
2245.3,1476.2,4130.5
2245.3,1469,4042.5
2223.3,1449.55,4007
2269.15,1436.5,4003.8
2267.95,1410.3,4112.35
2280.6,1499.05,4126.25
2262.45,1510.85,4184.4
2260.8,1483.5,4306.25
2261.85,1484.1,4319
2240.3,1467.25,4309.45
2212.55,1471.35,4191.2
2206.8,1435.65,4162.55
2181.15,1429.85,4120.35
2191.45,1431.25,4081.5
2179.95,1399.65,4096.85
2134.85,1422.15,4107.1
2150.5,1407.4,4384.95
2153.45,1451.4,4371.35
2074.25,1485.05,4329.9
2117.5,1470.2,4312.95
2122.1,1529.1,4341.85
2118.65,1470.7,4214.9
2109.85,1457.1,4182.5
2129.25,1458.35,4132.7
2098.3,1479.6,4139.5
2072.75,1500.95,4107.6
2023.1,1452.15,4005.1
2025.5,1469.7,4033.9
2047.2,1434.75,4048.05
2031.25,1409.75,4035.5
2025.35,1379.8,4020.5
2017.85,1335.3,3993
2031.75,1341.35,3968.05
2028,1374.85,3948.2
2016.85,1379.2,3956.55
2004.3,1356.35,3961.65
2016.9,1399.45,3999.65
2028,1414.55,4108.45
2016.6,1427.55,4140.05
2019.8,1426.6,4240.85
2036.4,1431.2,4341.2
2094.55,1455.6,4489.2
2099.5,1464.65,4504.65
2098.55,1454.85,4522.1
2098.75,1438.4,4453.75
2095.3,1421.7,4456
2075,1434.6,4584.95
2088.05,1422.15,4529.45
2065.3,1338.9,4558.25
2022.05,1345.55,4373.4
1988.45,1324.6,4279.9
1983.7,1361.6,4274.65
1991.05,1360.25,4139.9
1998.85,1326.05,3995.2
1984.45,1325.45,4007.8
1990.15,1389.2,3989.5
1978.65,1434.9,4044.3
1948.65,1451.1,4192.65
2087.9,1443.7,4290.15
2061.65,1438.85,4285.4
2020.3,1379.75,4180.55
2067.85,1425.05,4344.45
2123.05,1442.15,4347.1
2182.4,1427.05,4341.5
2128.9,1433.05,4327.1
2125.9,1442.15,4384.7
2165.85,1444.25,4483.9
2186.5,1459.55,4460.55
2220.7,1466.25,4481.55
2202.6,1450.35,4498.75
2151.35,1460.55,4577
2300.3,1471.25,4507
2307.45,1481.5,4503.35
2298.85,1482,4483.3
2321.3,1532.85,4411.6
2312.4,1529.85,4424.2
2302.95,1527.1,4216.55
2316.1,1504.8,4379.9
2337.75,1505.3,4284.7
2270.7,1516.6,4324.85
2240,1530.2,4352.25
2218,1515.15,4450.65
2198.5,1501.75,4472.7
2224.2,1563.1,4582.35
2190.7,1551.2,4553.2
2253.15,1539.85,4665.3
2213.55,1501.2,4676.45
2286.3,1499.25,4715.3
2332.35,1495,4700.15
2391.1,1500.3,4776.2
2372,1517.45,4902.9
2396,1517.65,5158.05
2407.75,1517,5386.3
2425.05,1525.6,5319.1
2414.3,1501.9,5253.7
2392.6,1511.2,5384.9
2504.3,1500.6,5435.75
2544.8,1514.55,5455.35
2558.85,1532.1,5443.4
2541.95,1557.6,5498.2
2526.25,1602.3,5450.6
2566.2,1682,5561.1
2588,1719.25,5564.25
2595.35,1766,5558
2603.7,1759.15,5225.9
2571.45,1708.75,5021.35
2511.25,1725.2,5024.7
2466.8,1728.65,5095.35
2496.85,1738.45,5082.25
2498.7,1767.9,5157.75
2532.25,1740.8,5248.9
2545.85,1719.85,5178.85
2529.45,1703.3,5171.5
2520.95,1686.2,5106.75
2542.95,1677,5131.3
2618.9,1729.6,5140.2
2489.05,1726.9,5170.1
2497.35,1716.55,5228.2
2509,1730.25,5339.35
2482,1813.65,5439.55
2497.85,1833.15,5440.6
2527.25,1845.7,5511.3
2525.3,1905.05,5682.35
2504.9,2026.65,5626.9
2511.9,1991.05,5562.05
2576.65,1925.9,5460.45
2578.35,2010.05,5482.65
2537.4,2003.35,5438.7
2554.6,2005.85,5452.3
2539.9,1986.85,5311.9
2462.2,1935.35,5356
2486.85,1972.35,5411.75
2558.6,1942.8,5399.95
2535.35,1920.6,5397.55
2526.8,1883.95,5391
2543.05,1879.35,5307.8
2491.8,1878,5344.35
2406.2,1714.7,4870.8
2191.55,1708.25,4915.55
2198.2,1714,4967.25
2244.65,1744.65,5099.95
2187.75,1815.05,5052.5
2279.55,1809.8,5021.2
2232.7,1772.6,4935.05
2249.9,1785.25,5021.95
2203.5,1850.2,5202.2
2248.4,1828.75,5075.6
2211,1750.5,5039.05
2192.1,1750,5011.6
2205.65,1811.15,5049.95
2270,1805.25,5054.7
2302.7,1790.25,5036.85
2325.8,1881.55,5148.85
2314.35,1874.35,5246.95
2296.4,1842.45,5200.1
2350.15,1834.5,4965.6
2297.5,1785.95,4935.9
2302.6,1784.75,4821.4
2259.15,1763.65,4844.9
2239.25,1744.9,4868.1
2282.95,1730.8,4822.75
2274.4,1723.95,5110.95
2250.65,1729.5,5131.25
2312.1,1762.6,5107.55
2315.1,1799.4,5207.55
2388.75,1781.95,5165.4
2376.75,1773.25,5120.1
2451.8,1770.6,5041.45
2430.9,1794.45,4996.35
2449.6,1791.45,4963.4
2422.25,1758.2,4976.65
2462.1,1756.05,4939.9
2438.95,1746.7,4984.35
2450.65,1770,4980.4
2461.5,1788.5,5015.45
2465.4,1824.15,5310.85
2439.05,1849.3,5358.05
2519.05,1829.35,5273.05
2515.65,1905.55,5307.9
2575.6,1984.85,5320.8
2582.15,1978.85,5208.25
2570.4,1964.1,5162.1
2577.3,1968,5222.35
2550.45,1975.4,5223.2
2432.65,1979.4,5253.4
2424.55,1954.25,5344.95
2449.05,1958.95,5325.65
2414.3,1978.05,5297.35
2429.45,1961.1,5346.15
2409.1,1911.45,5342.2
2457.45,1948.8,5385.35
2453.3,1927.35,5310.65
2380.45,1913.1,5272.1
2372.6,1922.7,5230.4
2365.3,1931.25,5275.8
2342.9,1932.4,5417
2428.25,1934.7,5448.25
2476.65,1959.8,5496.8
2522.75,1972.8,5544.8
2476.8,1975.2,5550.5
2448.15,1968.5,5579.35
2447.85,1928.7,5515.15
2479.25,1991.15,5603.8
2464.65,2039.85,5572.65
2500.6,2026.55,5546.15
2480.2,2009.65,5447.1
2472.55,1932.1,5476.7
2449.75,1910.2,5537.2
2462.65,1874.05,5504.45
2389.3,1922.7,5537.75
2443.25,1900.65,5524.6
2416.25,1905.5,5437.95
2409.2,1891.55,5605.9
2437.3,1926.55,5608.25
2452.7,1956.1,5736.8
2531.1,1921.05,5813.8
2469.55,1939.45,5869.8
2489.5,1931.05,5895.45
2476.25,1936,5911.5
2473.4,1926.8,5900.9
2482.9,1922,5906.35
2492.55,1925.05,5986.4
2530.45,1946.3,5974.2
2514.05,1987.9,6009.95
2532,1983.8,6095.85
2518,1959.5,6052.45
2483.35,1946,5997.85
2502.35,1938.55,6107.25
2485.5,1927.05,6106.3
2419.25,2000.4,6314.5
2375.85,1943.4,6306.2
2360.5,1957.5,6208.8
2344.35,1987.45,6077.85
2369.7,1948.9,6075.9
2362.45,1905.5,5975.3
2322.15,1831.9,5503.2
2249.9,1848.8,5644.9
2266.3,1852.25,5639.4
2278.35,1846.75,5742.05
2272.95,1891.8,5820.65
2318.85,1924.45,5856.3
2327.3,1892.55,5936.95
2302.85,1874.15,5776.05
2263.4,1861.65,5928.4
2341.95,1863.55,6003.15
2327.9,1818.1,5811.4
2364.1,1878.55,6379.75
2347.65,1880.8,6343.9
2310.65,1908.6,6698.35
2366.35,1835.6,6660.15
2355.05,1784.2,6584.05
2376.6,1789.6,6478.6
2368.15,1696.55,6179.2
2329.9,1701.05,5996.75
2304.4,1723.45,6209.95
2342.1,1703.8,6011.4
2329.85,1701.15,6110.95
2357.45,1720.95,6163.95
2406.4,1673.1,6048.1
2455.8,1630.3,6002.45
2476.75,1615.85,5894.85
2396.45,1615.95,5814.2
2337.4,1600.35,5752.9
2322,1601.65,5808.45
2238.1,1611.9,5932.05
2201.2,1690.3,6208.85
2258.2,1718,6370.9
2230.3,1675.2,6207.7
2280.1,1670.5,6334.55
2306.25,1669.75,6293.05
2326.25,1678.2,6423.8
2316.8,1687.85,6404.9
2324.6,1646,6400.4
2325.9,1644.95,6516.75
2316.6,1661.55,6474.15
2278.45,1644.95,6482.35
2250,1651.75,6581.55
2269.9,1649.4,6632.4
2303.35,1649.55,6654
2314.2,1664.55,6607.55
2310.8,1724.8,6874.2
2356.4,1684.85,6700.2
2357.35,1666.9,6656.75
2351.95,1696.55,6787.75
2422.45,1711.1,6924.15
2405.95,1746.75,6877.5
2419.85,1751.3,6869.7
2448.25,1748.8,6823.55
2394.85,1765.45,6947.55
2395.2,1763.85,6982.6
2378.45,1749.9,7133.5
2389.45,1778,7193.2
2433.85,1778.55,7335.5
2459.7,1821.2,7430.4
2582.5,1871.6,7313.9
2544.45,1881.75,7213.4
2532.8,1846.4,6986.5
2496.45,1847.5,6971.15
2522.15,1841.15,6853.85
2543.75,1869,7004.35
2548.1,1879.6,6945.65
2548.25,1842.4,6967.1
2487.5,1875.35,6829.1
2491.95,1940.9,7053.75
2477.95,1947.8,6985.5
2462.85,1893.45,6954.2
2460.3,1888.05,7155.5
2453.3,1873.15,7264.45
2435.2,1880.15,7378.65
2527.15,1858.8,7412.3
2530.05,1873.1,7482.85
2517.25,1893.05,7670.15
2549.05,1867.25,7626.15
2517.7,1857.9,7771.1
2512.1,1857.05,7758.4
2506.55,1859.05,7742.55
2461.7,1853.45,7738.2
2435.45,1804.8,7770.5
2453,1806.15,7653.7
2421.8,1762.25,7625.55
2379.4,1789.35,7337.25
2475.3,1792.15,7458.35
2505.15,1835.7,7667.9
2563.7,1839.15,7643.45
2607.15,1820.65,7588.8
2618.35,1798.55,7642.4
2603.8,1851.4,7964.55
2594.95,1855.8,7899.55
2639.2,1866,7774.1
2630,1876.75,7687.25
2640.75,1860.2,7747.95
2632.35,1840.35,7718.95
2592.35,1812.15,7595.65
2579.95,1771.85,7500.6
2583.75,1873.9,7491.9
2560.75,1946.9,7651.2
2603.55,2043.95,7596.25
2567.1,2056.15,7530.15
2581.4,2007.85,7539.85
2617.9,2013.05,7606.05
2636.25,2025.6,7599.05
2632.15,2002.9,7696.9
2652,2077.65,7588.1
2678.8,2181.9,7695.6
2648.45,2196.1,7696.65
2624.4,2298.1,7685.8
2645.85,2321.6,7996.7
2689.95,2354.8,8167.2
2671.25,2351.75,8204.35
2652.8,2314.65,8170
2612.15,2323.8,8095.65
2610.55,2306.05,8207.8
2604.6,2359.15,8567.5
2649.05,2429.1,8627.15
2651.8,2361.85,8575.3
2657.1,2397.3,8670.15
2665.1,2430.2,8700.05
2695.6,2460.55,8800.7
2755.35,2498.35,8643.05
2758.85,2554.2,8640.1
2779.35,2608.7,8707.85
2770.6,2599.85,8837.8
2720.6,2599.95,8983.65
2700.85,2715.05,9848.35
2673.95,2614.15,9793.45
2670.15,2665.05,10316.8
2660.5,2723.9,10372.65
2700.8,2828.75,11226.25
2736.15,2726.1,10944.1
2747.65,2645.5,10005.6
2714.85,2668.6,9969.7
2744,2669.7,10094.7
2862.1,2642.05,10034.35
2871.45,2604.75,10179.8
2866.8,2695.5,9998.3
2856,2760.55,10007.3
2846.35,2770.85,10154.4
2868.7,2750.2,10203.6
2883.05,2716.8,10208.8
2939.65,2711.7,10134.55
2946.1,2698.9,10183.1
2933.2,2718,10166.15
2924.9,2682.4,10040.65
2878.8,2711.4,10053.6
2869.7,2688.25,10289.65
2862.4,2808,10480.9
2858.25,2815.9,10743.6
2887.85,2844.5,10777.4
2978.9,2967.3,11011.1
2978.5,3030.55,11160.85
2999,3052.5,11139.8
2998.05,3073.5,11265.85
3004.8,3057.35,11393.3
2985.8,3129.4,1162.8
3088.7,3034.4,1153.55
3036.45,2942.9,1094.4
2954.9,2903.4,1101.05
2971.55,2966.15,1099
2931.75,2895.05,1087.85
2981.6,2964,1075.9
2945.85,3096.2,1075.05
2886.95,3174.95,1070.25
2902.65,3254.2,1127.95
2926.75,3294.65,1126.5
2929.65,3287,1122.8
2891.6,3272.65,1098.6
2875.8,3234.65,1106.1
2913.9,3105.7,1037.15
2846.4,3069.55,1055.9
2827.6,3194.65,1086.7
2880.9,3199.85,1083.75
2894.2,3154.65,1074.25
2857.95,3159.45,1077.25
2823.05,3149.85,1082.5
2883.5,3119.9,1073.95
2876.4,3117.6,1053.95
2825.25,3174.95,1061.3
2798.3,3197,1078.85
2753.85,3326,1117.35
2792.65,3361.2,1118.85
2787.95,3337.3,1121.4
2796.55,3275.4,1134.3
2802.35,3220.95,1128.95
2790,3248.6,1141.7
2801.55,3327.95,1148.4
2823.95,3268.05,1104.8
2761.5,3383.2,1072.55
2848.1,3416.75,1080.4
2830.4,3458.9,1060.8
2825.6,3372.55,1019.85
2818.8,3347.75,1030.85
2829.85,3196.7,993.15
2814.3,3141.45,990.4
2824.1,3072.05,983.7
2865,3032.45,929.15
2778.55,3089.45,929.2
2726.6,3021.85,858.1
2647.6,2827.85,815.05
2576.1,2924.45,899.8
2605.65,2918.15,871.15
2549.8,2943.2,878.4
2574.8,2845.7,832.2
2524.4,2901.55,858
2599.5,2931.15,850.25
2600.35,2949.45,820.7
2630.9,2970.15,877.9
2613.05,2941.9,879.25
2637,2938.1,907.25
2664.15,2990,919.8
2685.15,2939.3,914.2
2694.9,2977.65,886.5
2701.35,3031.65,902.25
2740.75,2999,898.05
2733.3,2957.2,891.05
2699.05,2995.4,911.55
2778.6,2997.15,896.35
2720.15,2975.25,843.6
2655.15,2874.8,836.75
2659.15,2775.75,848.75
2648.5,2710.75,853.8
2670.65,2829.8,850.8
2659.5,2732.8,822.9
2642.1,2694.65,805.8
2585.95,2659.9,788.6
2585.25,2550.1,765.4
2564.15,2620.4,808.95
2618.8,2617.85,810
2600.7,2743.55,809.75
2633.8,2800.75,820.2
2633.15,2872.2,833.35
2651.45,2894.85,842.2
2632.2,2949.65,870.05
2598.5,3016.65,884
2619.2,2960.85,871.9
2684.1,3018.45,899.75
2723.35,2978.55,878.45
2707.35,2992.65,878.25
2723.15,3010.15,899.75
2740.75,3018.5,896.15
2718.55,3018.6,891.2
2737.15,3019.6,900.05
2708.55,3012.6,917.7
2721.65,3019.7,914.35
2728.9,3046.65,930.35
2699.7,3154.75,926.3
2695.3,3064,907.7
2701.05,3063.45,929.65
2706.5,3128.8,929.75
2798.95,3169.7,999.85
2849.65,3169.4,995.85
2854.1,3205.45,1054.8
2825.05,3245.85,1036.9
2833.45,3328.4,1066.15
2854.15,3462.1,1054.15
2807.45,3419.95,1047.35
2808.1,3721.95,1073.7
2799.4,3691.25,1060.95
2769.8,3663,1049.45
2781.9,3577,1040.85
2784.3,3630.95,1055.45
2800.8,3637.25,1058.95
2806.5,3592.9,1059.5
2778.1,3628.35,1040.4
2789.6,3671.2,1094.35
2783.65,3685.5,1089.5
2778.9,3641.75,1095.9
2791.5,3624.1,1095.9
2799.25,3750.2,1076.25
2799.75,3847.2,1068.2
2814.1,3836.6,1091.6
2795.05,3914.15,1108.2
2755.9,3923.85,1075.85
2769,3875.5,1048.75
2832.05,3761.75,1046.25
2832.8,3817.7,1033.95
2883.1,3805.1,1052.4
2879.45,3832.05,1081.2
2869.95,3804.85,1087.2
2870.7,3826.05,1094.5
2864.55,3931.25,1126.7
2866.7,3938.65,1134.55
2873.1,4040.05,1163.5
2936.4,3969.1,1159.3
2912.5,3965.8,1172.55
2923.55,4057.45,1174.55
2906.85,4107.85,1159.7
2853.8,4148.5,1185.75
2865.95,4129.35,1177.05
2843,4044.8,1185
2808.4,4090.75,1194.75
2824.85,4062.65,1180.75
2831.1,4060.6,1181.05
2822.85,4098.4,1171.1
2805.45,4098.25,1181.75
2783.6,4128.8,1173.1
2760.85,4178.35,1198.1
2806.3,4226.2,1201.6
2830.45,4373,1240.75
2837,4374.85,1255.95
2822.45,4502.95,1266.2
2839.5,4611.9,1273.9
2848.15,4493.45,1259.55
2852.15,4369.4,1236.05
2824.4,4340.05,1242.95
2808.7,4355.4,1252
2831.5,4304.05,1246.95
2824.3,4371.75,1271.75
2867.75,4524.35,1341.7
2896.8,4534.2,1309.7
2885.45,4524.75,1285.7
2866.05,4575.65,1276.2
2864,4566.15,1268.6
2898,4562.9,1270.1
2933.25,4569.6,1296.55
2942.55,4428.4,1274.25
2887.65,4420.95,1272
2856.95,4378.45,1286.1
2873.15,4391.45,1327
2904.8,4495.8,1339.7
2998.45,4395.55,1314.75
3004.8,4550.95,1332.95
2999.7,4567.5,1347.75
3024,4486.75,1324.8
3039.7,4319,1314.55
2973.1,4169.9,1289.15
2972.65,3964.2,1242.15
2914.15,3983.05,1233.75
2824.95,3953.95,1224.35
2764.3,3997.1,1258.85
2822.8,4007.35,1317.8
2814.1,3998.05,1307.45
2837.95,4154.5,1321.55
2851.4,4192,1326.95
2845.95,4205.6,1327.35
2839.35,4305.8,1361.25
2852.85,4304.75,1363.1
2898.4,4244.1,1336.65
2873.55,4254.15,1343.15
2876,4280,1361.7
2868.15,4242.2,1376.85
2865.8,4152.65,1364.95
2824.6,4176.85,1371.5
2834.9,4128.4,1361
2825.15,4098.4,1405.25
2814.4,4199.7,1410.3
2809.8,4242.45,1399.85
2827.75,4264.4,1409.6
2815.3,4268.4,1416.65
2817.5,4220,1401.8
2845.7,4101.3,1400.75
2824.3,4036.05,1349.95
2779.3,4108.15,1372.35
2777.05,4098.75,1376.3
2801.3,4118.7,1373.1
2791.2,4130.7,1387.15
2789.35,4132.7,1379.55
2769.65,4149.25,1398.55
2771.25,4151.5,1399.3
2728.6,4115.9,1391.7
2708.25,4103,1412.8
2730.65,4123.2,1419.2
2792.75,4229.3,1443.7
2785.85,4364.55,1485.9
2789.75,4399.9,1499.4
2809.8,4446.3,1538.5
2821.25,4419.55,1512.35
2831.75,4564.5,1541.85
2823.7,4679.3,1595.35
2818.6,4910.4,1621.35
2815.8,4949.95,1597.4
2826.75,4958.5,1627.5
2847.7,4955.45,1687.15
2841.35,4934.45,1679.35
2840.3,4926.3,1701.35
2828.15,4991.85,1703.1
2808.55,5067.25,1716.25
2823.4,5002.35,1707.2
2802.9,5115.05,1701.75
2834.25,5308.15,1723.45
2874.65,5433.05,1798.15
2889.25,5336.1,1779.8
2911.6,5121.9,1697.7
2831.15,5024.75,1635.6
2796.2,4992,1695.4
2788.2,5222.05,1710.9
2831.6,5356.8,1721.35
2849.2,5304.45,1728.75
2825.85,5309.5,1704.95
2811.35,5216.85,1690.6
2766.5,5234.6,1682.9
2740.55,5351.3,1779.3
2754.65,5506.25,1760.1
2728.55,5578,1829.95
2742.05,5442.95,1773.4
2726.6,5489.65,1788.05
2750.55,5502.85,1781.9
2814.5,5495.3,1799.95
2916.35,5377.25,1801.35
2915.15,5395.9,1794.4
2950.7,5456.15,1858.95
2920.55,5623.8,1963.2
2965.45,5594.75,1891.2
2915.45,5733.3,1920.45
2929.6,5678.9,1894.4
2935.75,5723.35,1907.15
2934.95,5680.6,1909.9
2928.35,5674.55,1902.75
3025.6,5626.45,1911.65
3137.4,5651.25,1911.8
3115.45,5602.9,1904.9
3090.55,5486.3,1919.5
3078.85,5231.65,1863.15
3042.45,5110.6,1796
3044.1,5170.5,1840.1
3044.9,5071.35,1806.75
3031.25,5043.75,1842.85
3039.45,5154.45,1838.05
3109.4,5325.45,1867.8
3162.2,5274.5,1862.65
3173.5,5258.7,1866.2
3130.8,5297.95,1923.6
3141.55,5305.8,1941.3
3125.45,5333.65,1950.8
3134.7,5301.2,1923.55
3143.9,5392.15,1953.15
3155.9,5375.25,1953.05
3160.85,5354.3,1886.3
3224.8,5356.75,1867.1
3259.95,5315.05,1868.5
3226.8,5306.1,1845.9
3217.95,5287.3,1833.75
3217.65,5252.8,1826.05
3210.05,4997,1726.35
3232.25,4982,1746.75
3283.4,5033.95,1819
3300.15,4994.85,1804.3
3282.2,5010.35,1800.6
3257.1,5022.6,1806.75
3239.75,4982.15,1810.2
3241.1,5032.6,1836.95
3217.45,5009.6,1822
3209.85,4981,1802.55
3161.65,5022.7,1775.7
3189.05,5006.75,1753
3200,5027.45,1745
3253.35,4998.35,1728.75
3223,5014.4,1754.9
3266.55,4902.65,1713.8
3212.95,4984.75,1764.25
3208.85,5129.75,1787.35
3206.85,5173.55,1805.25
3242,5206.2,1809.75
3300.25,5176.35,1773.95
3313.2,5133.6,1763.65
3264.65,5160.6,1790
3288.3,5151.85,1773.25
3271.4,5240.2,1766.4
3289.15,5305.6,1756.3
3315.9,5214.1,1727.05
3305.5,5098.85,1711.6
3216.9,5056.8,1675.95
3198.7,5003.65,1707.4
3163.9,4964.65,1671.45
3109.55,5070.2,1676.3
3196.05,5125.1,1702.25
3212.65,5106.3,1707.8
3210.85,5109.7,1699.25
3165.7,5056.15,1671.8
3151.3,5116.25,1685.85
3162.8,5170.35,1729.6
3198.8,5210.6,1756.85
3226.75,5279.5,1757.75
3319.8,5312.7,1770.4
3301.2,5353.35,1748.05
3289.45,5428.15,1782.45
3328.95,5403.55,1789.5
3369,5326.3,1770.95
3339.05,5305.75,1755.15
3295.15,5230.4,1756.7
3333.6,5171.85,1725.65
3289.25,5101.1,1724.65
3294.75,5099.45,1715.3
3241.05,5062.55,1754
3264.45,5127.2,1814.5
3279.85,5221.25,1836.85
3275.75,5156.4,1819.5
3243.5,5199.55,1802.2
3207.4,5146.4,1780.35
3193.4,5057.3,1770.1
3175.35,5010.35,1738.15
3166,4956.8,1687.35
3160.05,4964.9,1701.2
3194.15,4922.6,1660.7
3201.2,4973.05,1701.9
3210.4,5051.45,1706.35
3274.5,5014.6,1708.7
3295.95,5014.45,1739.15
3341.55,4933.05,1710.3
3311.7,4912.4,1715.3
3363.9,4875.65,1678.4
3358.3,4812.35,1677.85
3337.15,5038.4,1729.45
3412.95,4935.75,1628.9
3241.3,4918,1604.95
3185.55,4904.6,1662.15
3135.1,5012.05,1641.65
3135.55,5057.25,1662.15
3157.95,5059.35,1639.4
3099.25,5235.45,1643.8
3154.1,5189,1669.95
3109.75,5130.35,1677.05
3143.5,5058.25,1675.25
3103.9,5000.75,1642.7
3030.6,5014.3,1638.75
3049.85,4973.45,1596.45
3012.6,4951.85,1600.35
2974.3,5019.65,1633.4
2986.4,5192.95,1674.95
3008.7,5121.35,1656.8
3034.7,5051.7,1640.25
3020.6,4999.4,1659.35
3020.9,5037.45,1636.95
2943.55,4980.65,1637.75
2899.2,4836.15,1618.35
2903.9,4864.6,1628.05
2923.9,4966.25,1654.2
2935.4,5040.05,1665.25
2957.75,5098.4,1680.7
2971.75,5111.6,1710.1
2950.55,5034.5,1726.25
2948.75,5011.35,1687.9
2910.45,4963.45,1631.85
2849.45,5080.85,1657.3
2873,5131.5,1704.55
2851.8,5119.85,1695.6
2834.95,5126.7,1685.3
2789.95,5151.05,1741.6
2848.65,5258.95,1772.45
2798.3,5171.55,1767.55
2744.7,5267.4,1818.6
2808.95,5381.6,1834.25
2792,5228.55,1850.2
2766,5443.85,1915.6
2808.15,5484.25,1937.6
2786.4,5561.3,1944.25
2772.45,5412.9,1926.05
2766.45,5420.2,1924.65
2755.55,5420.75,1929.35
2763.2,5316.8,1914.35
2786.2,5386.15,1943.3
2838.3,5426.1,1935.05
2864.2,5371.85,1926.85
2862.05,5385.2,1913.3
2857.95,5286.35,1880.4
2852.7,5294,1899.35
2852.15,5427.65,1917.8
2886.8,5434.3,1899.85
2900.35,5339.25,1892.1
2884.95,5435.25,1901.15
2947.15,5482.6,1907.7
2952.6,5436.9,1905.1
2965.95,5402.05,1874.3
2975.2,5348.05,1857.4
2888.65,5401.3,1895.45
2915.3,5340.7,1868.4
2892.25,5349.5,1849.1
2872,5237.95,1837.4
2827.5,5345.45,1861.5
2815.45,5386.45,1864.5
2831.95,5397.5,1901.95
2823.65,5319.2,1919.95
2811.9,5569.25,2066.5
2815.45,5729.8,2149.65
2787.5,5722.05,2105.45
2720.55,5971.8,2149.3
2808.5,5790.05,2078.4
2774.95,5826.4,2094.75
2732.8,6071.7,2116
2758.5,6009.35,2094.95
2790.15,5887.85,2077.1
2796.05,5958.85,2118.65
2762.9,6042.25,2109.9
2750.3,5882.2,2077.4
2896.55,5748.55,2062.85
2878.5,5770.95,2100.6
2847.55,5914.75,2160.65
2885.25,6014.25,2169.45
2888.6,6025.5,2186.85
2874.05,6068.95,2250.3
2881.1,6078.55,2261.25
2887.25,6074.8,2231.05
2907.95,6028,2243.25
2890.7,5979.1,2283.6
2877.15,5995.75,2243.15
2895.3,5913.2,2270.6
2849.8,5947.55,2267.8
2869.65,5991.55,2257.45
2830.1,6176.5,2336.05
2832.2,6165.65,2390.6
2801.3,6084.35,2367.35
2811.95,5975.1,2335.5
2765.45,5848,2274.7
2716,5821.1,2296.35
2810.3,5778.3,2299.55
2835.15,5885.2,2321.1
2862.4,6032.85,2331.4
2979.05,6069,2330.15
2966.95,6058.55,2345.7
3020.1,6124.7,2348.05
3018.15,6199.8,2366.35
3093.95,6114.25,2355.6
3161.6,6261.3,2415
3096.7,6324.45,2468.6
3138.65,6247.85,2472.3
3101.85,6346.05,2469.15
3094.2,6365.7,2488.75
3107.8,6296.9,2520.2
3115,6663.95,2721.35
2839.6,6923.1,2755.8
2684.15,6827.7,2713.35
2648.65,6949.5,2705.05
2638.6,7035.3,2681.65
2618.5,6927.2,2713.7
2686.75,6895.85,2678
2673.15,6977.3,2697.9
2700.05,6990.15,2722.8
2680.9,6903.35,2683.85
2678.6,6943.15,2681.3
2690.45,6919.05,2696.25
2687.9,6994.2,2747.35
2686.6,7051.6,2813.15
2660.6,7075.1,2830.15
2658.6,7083.85,2808.45
2629.7,6945.45,2760.4
2630.85,7112.7,2830.2
2646.4,7076,2856.6
2667.5,7097.35,2851.2
2661.35,7063.6,2839.75
2735.35,7116.6,2871.8
2728.5,7092.1,2893.85
2685.55,7050.65,2916.6
2682.25,7030.15,2950.75
2697.6,6971.45,2932.6
2684.4,6968.55,2985.5
2689.1,6929.9,2926.75
2701.65,6747.8,2856.6
2744.85,6652.9,2724.05
2771.9,6508.2,2746.3
2735.55,6503.05,2716.9
2772.3,6547.3,2684.1
2783.1,6600.1,2744.2
2923.55,6347.45,2615.65
2868.6,6362.15,2600.75
2833.7,6412.95,2594
2867.95,6709.65,2672.2
2877.5,6549.95,2604.6
2860.65,6527.6,2570.4
2773.8,6312.05,2499.55
2790.1,6259.7,2379.4
2799.2,6067.65,2260.8
2759.3,6185.65,2299.2
2788.7,6212.55,2315.55
2773.3,5979.8,2204.2
2783.55,6006.2,2168
2687.45,5881.85,2208.5
2730.1,5752.5,2232.2
2731.4,5632.1,2179.15
2657,5375.65,2023.3
2543.05,5395.55,1974.85
2584.1,5429.1,2060.85
2548.85,5961.5,2270.95
2581.8,5592,2162.1
2525.8,5813.55,2287.35
2623.05,5634.25,2306.2
2620.45,5657.1,2308.85
2610.5,5380.25,2150.5
2547.8,5419.2,2140.5
2510.25,5250.2,2115.35
2556.9,5167.75,2083.35
2586.5,5391.45,2311.8
2475.15,5367.65,2335
2477.55,5399.2,2338.9
2513.75,5409.85,2380.45
2549.1,5391.15,2356.35
2556.25,5404.65,2382.55
2593.7,5386.5,2418.1
2598.85,5525.3,2383.3
2657.75,5569.6,2359.4
2672.55,5591,2339.75
2674.6,5628.2,2348.4
2692.55,5701.4,2375.35
2693.05,5549.1,2277.6
2652.3,5571.7,2285
2665.5,5577.65,2293.95
2676.5,5597.1,2341.3
2668.85,5695.65,2402.1
2695.35,5725.95,2360.95
2679.65,5688.55,2380.1
2666.5,5851.95,2430.55
2604.65,5723.05,2381.5
2590.35,5737.9,2394.6
2649.5,5880.35,2435.45
2599.65,5818.45,2412.55
2603.9,6010.75,2506.5
2724,5994.35,2537.7
2745.7,5999.3,2508.65
2736,6070.2,2543.55
2763.85,5902.5,2494.1
2764.1,5667.5,2432.4
2718.1,5849.9,2486.35
2786.2,5693.95,2395.55
2725.1,5827.15,2426.75
2739.6,5989,2493.95
2848.4,6159.4,2489.1
2836.1,6177.65,2486.35
2823.15,6087.8,2474.4
2840.95,6152.65,2532.2
2840.9,6405.45,2596.9
2863,6404.95,2591.4
2887.2,6360.1,2591.25
2808.45,6274.45,2564.9
2724.65,6439.05,2567.4
2734.6,6405.05,2587.15
2737,6502.9,2634.8
2717.5,6476.95,2645.15
2720.15,6521.95,2656.85
2726.65,6384,2614.05
2692,6383.3,2586.2
2701.35,6410.45,2576.05
2734.2,6407.15,2553.6
2658.55,6443.05,2537.05
2694.85,6399.1,2524.35
2696.9,6371.95,2514.65
2725.3,6371.65,2514.2
2720.95,6368.8,2544.8
2699.15,6509.7,2604.2
2725.85,6464.85,2569.85
2717.45,6359,2535.9
2729.65,6249.9,2542.9
2720.75,6384.55,2594.2
2684.6,6435.55,2621.9
2688.35,6493.15,2634.35
2674.1,6407.3,2635.65
2651.65,6321.55,2599.55
2626.35,6050.9,2458.5
2565.55,6233.05,2515.55
2567.65,6247.2,2595.5
2499.7,6091.9,2574.85
2554.55,6096.95,2628.4
2602.75,6009.2,2594.45
2642.5,6017.1,2603.6
2710.65,6208.65,2711.25
2770.15,6253.1,2696.6
2853.6,6182.7,2707.15
2851.4,6096.25,2657.2
2853.6,6096.4,2621.8
2832.35,6127.65,2590.55
2823.95,6035.6,2609.2
2823.1,6025.45,2561.1
2825.95,5885.15,2549.45
2793.5,5969.75,2559.8
2787.85,5998.45,2606.15
2774.7,6169.1,2654.7
2813.95,6195.65,2640.4
2816.85,6333.55,2657.75
2847.55,6452.65,2657.75
2859.3,6419.85,2642
2914.7,6462.45,2649
2900.6,6440.6,2660.75
2863.5,6543.75,2695.15
2903.75,6609.15,2766.7
2927.6,6598.5,2734.8
2919.9,6616.95,2768.3
2955.7,6783.6,2791.05
3000.55,6860.9,2753.05
2996.1,6898.2,2828.15
3010,6932.1,2808.1
3016.85,6927.95,2860.75
3023.8,7006.8,2929.55
3005.15,6975.65,2920.9
2974.7,6953.5,2868.6
2949.65,6960.05,2836.65
2949.75,6917.25,2849.8
2957.95,6987.85,2934.35
2952.8,6980.35,2945.25
2980.1,6952.55,2995.85
2948.8,7037.05,3025
2911.1,7158.8,3001.45
2915.65,7279.6,3055.2
2853.1,7401.55,3046
2847.3,7318.55,3039.45
2859.1,7397.8,3114.2
2861.65,7347.25,3024.1
2853.35,7379.2,3008.7
2924.8,7423.3,2998.35
2942.9,7562.75,3047.85
2993.7,7536.85,3008.8
3008.15,7509.15,3022.25
3035.05,7578.95,3032.5
3068.45,7571.15,3014.45
3069.5,7472.75,2991.25
3051.2,7495.05,3035.05
3039.15,7637.95,3093.05
3075.8,7669.5,3081
3088.05,7721.25,3096.85
3044.65,7520.45,3095.95
2984.1,7578.85,3131.75
3030.55,7624.2,3111.85
3059.75,7667.95,3034.3
3026.2,7561.95,3017.05
3033.05,7345.75,2921.3
2957.75,7467.3,2971.35
2982.9,7383.7,2922.85
2966.2,7347.35,2931.85
2972.75,7365.7,2881.85
2937.2,7454.7,3002.75
2914.45,7617.45,3110.05
2942.65,7992.95,3301.1
3040.05,8235,3407.55
3006.3,8185.4,3433.3
2979.3,8221.55,3448.9
3047.2,8013.3,3377.75
3065,8151.7,3467.9
3077.9,8213.05,3449
3066.9,8128.55,3409.8
2988,8131.75,3409.25
2925.5,8226.9,3481.65
2945,8187.95,3467.1
2925.9,8348.1,3511.05
3034.6,8312.85,3531.15
2983.9,8125.2,3452.95
2991.65,8202.35,3509.45
2961.4,8304.45,3519.6
2989.8,8270.65,3551.85
2987.15,8245.6,3505.85
2944.5,8292.35,3544.5
2922.65,8235.15,3518.4
2872.55,8121.3,3466.5
2836.2,8246.25,3509.3
2855.6,8257,3525.5
2822.9,8417.85,3582.55
2897.3,8392.45,3565.85
2875.55,8354.65,3545.35
2816.9,8346.15,3579.85
2843.7,8410.5,3627.95
2868.7,8443.9,3642.2
2865.85,8524.65,3681.1
2827.05,8521.05,3699
2911.95,8474.85,3711.1
2883.55,8430.45,3715.4
2897.75,8537.55,3732.5
2894.8,8435.35,3719.15
2842.55,7593.05,3413.3
2777.8,7855.4,3603.1
2786.4,7658.2,3429.05
2740.4,7645.7,3451.05
2711.7,7725.7,3377.5
2722.55,7714.45,3412.1
2714,7881.7,3448.7
2732.45,7854.55,3463.3
2696.9,7847.65,3467.65
2630.8,7566.35,3323.1
2558.25,7162.45,3246.6
2562.9,7170.35,3276.9
2523.85,7065.3,3173.55
2522.6,6782.3,3046.5
2547,7233,3264.6
2618.65,7120.85,3252.65
2487.65,7078.05,3249.95
2463.85,7097.85,3252.05
2516.5,7082,3222.1
2537.65,7063.7,3237.9
2600.55,6986.95,3160.05
2619.75,7096.35,3272.25
2609.8,7152.45,3265.8
2605.1,7290.45,3334.7
2703.75,7504,3419.7
2707.6,7089.15,3221.85
2670.55,7415.2,3289.95
2713.9,7439.4,3337.2
2750.95,7376.65,3328.05
2725.5,7236.15,3294.1
2742.95,7145.85,3261.45
2764.8,6767.35,3114.1
2744.25,6884.6,3174.35
2749.15,7190.8,3324.25
2736.8,7126.5,3357.75
2766.5,7035.95,3326.35
2766.75,6979.85,3299.3
2757.8,7119.55,3332.5
2788.3,7026.3,3258.5
2764.2,7023.1,3250.25
2735.7,7001.05,3292.7
2759.2,7175.9,3373
2839.35,7323.95,3437.35
2817.8,7354.2,3416.4
2908.4,7291.95,3382.35
2852.2,7388.75,3427.35
2878.2,7280.25,3418.85
2874.45,7150.5,3368.4
2773.15,7255.05,3413.85
2777.05,7188.65,3362.05
2738.85,7693.65,3702.2
2929.25,8297.75,4023.75
2995.15,8240.7,3961.75
2958.15,8255.6,3930.9
2941,8464.6,4000.8
2970.3,8550.35,4057.4
2957.5,8513,4046.05
2941.8,8458.35,3992.4
2910,8446.45,3959.8
2897.9,8300.75,3903.95
2863.55,8220,3900.9
2892.3,8318.25,4023.9
2891.85,8201.85,3948.9
2886.25,8169.45,3973.2
2898.8,8082.25,3883.3
2958.05,8035.85,3879.45
3011.95,8134.3,4016.4
3023.7,8316.65,4106.8
3111.5,8265.95,4137.65
3087.05,8008.85,4034.15
3122.3,8070.95,4038.35
3162.65,8091,4026.15
3167.85,7972.15,3987.25
3129.65,8001.5,3978.9
3143.35,8150.9,4047.25
3180.75,8082.4,3992
3222.9,8134.35,4027.55
3247.35,8384.75,4069.85
3232.65,8706.6,4113
3212.05,8845.75,4227.8
3246.3,8772.85,4188.15
3248.3,8832.9,4225.85
3265.85,8818.85,4159.45
3245.55,8903.3,4169.05
3237.35,8978.35,4144.55
3206,9061.85,4210.55
3233.3,9057.85,4187.6
3215.35,9104.25,4154.9
3156.9,9152.8,4135.75
3161.05,9079.25,4138.55
3162.4,9055.1,4123.65
3188.35,9039.3,4078.3
3152.35,9175,4141.7
3195.65,9121.3,4098.35
3178.15,9228.45,4118.35
3212.05,9240.1,4102.05
3196.4,9110.25,4074.2
3176,8948.3,3950.45
3159.25,9089.75,3964.55
3259.75,9030.25,3990.85
3251.15,8965.5,3990.85
3243.1,8853.1,3951.65
3206.1,8929,3944.85
3225.55,8927.2,3986.85
3232.5,9079.1,4036.8
3268.65,9169.25,4057.15
3261.45,9210.3,4071.95
3232.9,9288.1,4039.45
3220.4,9361.75,4135.75
3199.1,9362.6,4119.35
3213.65,9270.75,4091.85
3218.4,9280.05,4135.6
3203.75,9304.05,4160
3219.5,9294.85,4139.5
3226.75,9350.1,4187.1
3230.05,9443.15,4252.65
3241.95,9439.2,4243.3
3251.95,9393.35,4234.75
3185,9378.45,4231.3
3150.1,9505.6,4246.05
3121,9345.85,4193.45
3072.05,9042.7,3996.7
3037.65,9095.65,4007.65
3037.95,9145.5,4049.95
3059.25,9395.25,4124.2
3085.7,9372.25,4144.85
3101.2,9455.25,4164.5
3094.05,9554.85,4193
3101.6,9589.15,4207.25
3123.55,9622.15,4220.25
3112.1,9715,4231.75
3118.1,9572.75,4152.6
3103.7,9534.3,4138.6
3097.05,9547.5,4142.2
3076.4,9534.2,4125.8
3065.2,9633.75,4194.5
3074.15,9557.6,4164.35
3082.6,9631.3,4213
3060.9,9894.25,4419
3091.85,9639.65,4364.3
3145.5,9441.4,4365.9
3180.05,8947.4,4276.05
3143.3,9086.15,4359.35
3284.5,9534.9,4519.25
3162.8,9591.4,4528.2
3161.5,9619.7,4666.35
3149.8,9623.3,4654.3
3134.85,9627,4721.75
3103.3,9731.6,4749.35
3145.45,9771.85,4768.7
3146.3,9717.2,4795.35
3136.4,9690.5,4781.75
3146.4,9528.85,4776.65
3075.6,9529.5,4758
3082.5,9758.65,4878.05
3090.9,9709.7,4880.45
3065.5,9466.9,4803.95
2980.5,9525,4825.95
2947.4,9387,4810
2946.6,9408,4759.8
2936.6,9050.75,4465.85
2890,8914.5,4360.75
2792.2,8963.65,4454.1
2692.25,8799.7,4286.4
2711.5,8879.9,4330.7
2703.65,8603.2,4225.85
2735.05,8207.1,4026.8
2573.35,8254,4030.65
2591.55,7438.05,3734.35
2338.9,7742,3952.55
2357.1,7495.6,3672.25
2339.55,7017.5,3444.85
2270.45,6310.2,3061.35
2169,5785.5,2746.1
2166.6,6233.05,2951.9
2242.3,4621.05,2266.15
1935.55,4497.75,2474.2
1937.15,4830.3,2585.6
1946.75,5147.25,2793.7
2106.85,4890.6,2542.3
2053.45,4661.15,2242.1
1986.7,4591.2,2215.8
2022.35,4501.9,2219.35
2051.1,4510.75,2207.5
2033.75,4724.9,2253.35
2280.05,4608.5,2332.9
2241.7,4820.25,2551.85
2435.95,4491.4,2287.3
2397.55,4599.1,2182.45
2335.15,4699.6,2220
2333.55,4999.7,2308.15
2379.15,4882.25,2308.25
2378.3,4595.05,2099.75
2323.25,4775.75,2148.25
2379.7,4729.6,2172.45
2430.65,4389.8,1976.25
2445.35,4617.5,2044.05
2505.75,4861.8,2228.1
2463.7,4998.65,2296.45
2499.15,5104.35,2318.1
2623.3,4762.35,2079.65
2442.15,4629.2,2002.35
2422.8,4692.9,2106.25
2471.85,4673.4,2060.55
2406.55,4601,2024.15
2419.05,4558,2015.05
2566.3,4668.2,2069.7
2628.85,4816.4,2161.05
2696,4790.25,2112
2702.65,4723.25,2086.45
2663.6,4465.45,1938.6
2477.45,4535.45,1964.95
2509.3,4702.05,2042.8
2557.75,4539.2,1990.2
2640.35,4315.55,1895.3
2553.75,4097.25,1829
2564.85,4258.05,1936.45
2580.55,4285.95,1947.7
2600,4404.9,1953.65
2710.5,4763.2,2160.85
2758.3,5184.7,2346.2
2796.1,5286.05,2411.9
2783.4,5136.8,2313.05
2817.25,5236.4,2390.35
2776.3,5440.95,2507.25
2801.05,5310.8,2443.6
2791.15,5223,2435.65
2717.2,5158,2338.9
2718.55,5285.95,2450.15
2782.15,5103.6,2351.4
2728.55,5128.3,2365
2718.45,5036.95,2396
2689.45,5427.55,2525.95
2678.35,5899.8,2698.6
2674.35,6183.55,2840.3
2855.75,6319.65,3025.5
2862.15,6046.05,2934.45
2817.25,6021.15,3005.35
2820.45,5946.3,2903.5
2867.6,5890.2,2857.95
2859.5,5845.15,2831
2826.05,6169.35,2953.9
2842.05,6188.8,2964.25
2879.35,6149.4,2931.5
2932.4,6285,3108.8
2897.1,6589.6,3351.95
2847.15,6405.4,3208.05
2852.45,6569.2,3330
2882,6483.8,3314.15
2894.7,6461.45,3234.6
2900,6243.45,3190.95
2899.5,6168.45,3149.25
2942.05,6264.9,3204.8
2942.3,6361.6,3301.3
2995,6620.15,3441.5
3002.55,6384.35,3292.45
3004.3,6347.4,3253
2985.4,6381.35,3297.8
3032.1,6270.3,3251.85
2985.5,6173.2,3171.15
3020.5,6342.8,3239.6
3119.35,6328.6,3284.25
3099.3,6177.6,3218.3
3048.95,6205.9,3251.3
3004.95,6103.15,3174.5
2917.45,6162,3235.6
2969.95,6242.05,3262.15
3009,6295.7,3345.2
2991.8,6467.15,3464.3
3001.7,6402.8,3442.95
2993.8,6440.35,3457.4
3007.45,6357.2,3418.25
3023,6350,3419.65
3017.95,6246.7,3331.1
2987.55,6269.1,3384.8
3115.6,6343.05,3419.9
3104.8,6299.05,3409.95
3059.8,6289.45,3393.8
3036.95,6282.4,3389.3
3053.15,6400.45,3492.05
3039.35,6502.6,3642.9
3009.4,6564.4,3645.55
3082.2,6530.75,3632.5
3043,6545.55,3670.8
3014.15,6190.35,3487.8
2967,6359.6,3643.85
2958.4,6365.05,3668.65
2880.55,6355.55,3619.7
2896.4,6277.2,3596.8
2883.2,6263.65,3505.15
2898.2,6234.25,3500
2901.75,6026.8,3422.85
2910.15,6129.25,3498.7
2914.7,6128.4,3544.4
2916.35,6112.15,3440.7
2957.7,6115.55,3513.4
2937.35,6145.95,3521.5
3037.95,6007,3471.95
3019.2,5888.45,3474.8
3050.95,5712.25,3330.15
2986.7,5682.3,3303
2985.85,5646.65,3243.85
2986.2,5425.7,3028.9
2931.85,5803.3,3138.95
2957.4,5985.95,3335.15
2966.35,5876.7,3294.75
2897.5,5852.35,3278.6
2881.1,6053.6,3442.8
2985.4,5881.15,3382.9
2952.3,5995.4,3474.3
2972.25,5905.25,3331.15
3077.4,5871.95,3326.45
3074.55,5915.2,3317.9
3059.8,5912.75,3327.2
3022.75,5867.65,3272.6
3034.45,6100.05,3372.05
3054.15,5899.05,3214.75
3027.4,5952.3,3231.35
3044.75,5981.1,3267.2
2980,5951.85,3262.15
3004.2,5904.15,3232.85
3018,5873.4,3314.45
3006.2,5831.55,3316.9
3082.25,5700.95,3293.9
2895.15,5667.25,3453.25
2947.35,5642.35,3370.8
2944.05,5623.95,3380.05
2925.35,5573.5,3309
2886.9,5701.45,3419.8
2843.7,5743.6,3490.8
2914.85,5811.85,3561.45
2926.1,6055.15,3736.9
2949.3,6286.45,3780.75
2977.4,6283.35,3865
3001.95,6687.65,4208.55
2997.5,6944.8,4268.8
3023.1,7026.2,4298.3
3017.45,7261.1,4376.05
3040.75,7335.55,4374.8
3041.9,7365.35,4488
3045.15,7789.95,4653.75
3037.9,7823.4,4536.55
3034.25,8542.6,4715.85
3058.55,8774.35,4811.45
3077.75,8859.7,4810.65
3095.7,8717.75,4689.75
3051.25,8806.7,4821.25
3129.2,8758.8,4908.8
3173.55,8746.55,4861.1
3243.65,8802.2,4823.9
3338.15,9114.05,4867.45
3294.4,9052.45,4875.35
3311.4,9051.95,4829.45
3319.55,8969.4,4792.15
3326.2,9010.65,4844.15
3306.55,9028.85,4794.8
3290.85,8995.05,4843.85
3327.65,8933.5,4898.65
3289,9296.95,5122.5
3271.65,9257.7,5146.6
3303.5,9294.1,5286.7
3270.45,9215.6,5252.5
3347.55,8846.75,5041.85
3238.25,8938.85,5011.4
3265.3,9013.25,5088.9
3309.65,8992.55,5184.9
3374.75,8995.05,5204.1
3414.7,8976.05,5200.5
3431.55,8961.7,5334.15
3448.15,8906.35,5295.2
3444.05,8870.45,5280.15
3481.25,8898.75,5216.2
3522.45,8820.85,5119
3492.65,8786.35,5030.3
3462.7,8988,5081
3437.95,9171.6,5082
3529.15,8986.1,4984.25
3617.35,8959,5042.2
3624.25,8793.65,4902.9
3600.9,8747.35,4877.35
3576.05,8636.1,4883.6
3580.3,8354.6,4719.85
3563.75,8924.15,4959.15
3641,8938.25,4981.95
3643.95,9052.8,5118.3
3703.3,9071,4972.55
4089.5,9198.9,4908.7
4168.95,9126.1,4845
4146.35,8955.3,4810.25
4135.8,8722.75,4734.55
4005.8,9721.8,5058.6
4114.7,9476.3,5173.2
4201.45,9536.05,5245.1
4236.35,9700.55,5504.85
4223.5,9722.2,5538.55
4231.25,10021.05,5497.7
4237.45,9941.65,5400.3
4154.9,10227.95,5475.9
4151.55,10216.65,5567.05
4181.9,10278.8,5577.45
4136.05,10537.7,5779.85
4122.3,10460.6,5760.25
4132.85,10185.65,5705.15
4165.7,10198.95,5563.35
4115.45,10250.45,5497.95
4001.1,10000.6,5376.85
3971.55,10008.65,5383.7
3912.25,10199.6,5562.9
3931.85,10264.45,5529.95
3944.8,9648.6,5264.9
3798.7,9774.05,5266.8
3814.05,9877,5316.3
3944.05,10395.6,5542.9
3901.1,10129.95,5485.9
3879.05,9958.1,5444.9
3852.85,9839.1,5320.65
3798.75,9969.15,5415.05
3798.75,9991.45,5545.05
3867.55,9934.1,5557.85
3746.4,9689.05,5439.05
3664.65,9613.3,5455.95
3654.45,9525.1,5359.8
3569.6,9430.15,5371.85
3664.5,9440.65,5453.25
3650.05,9405.85,5389.35
3664.75,9405.2,5378.8
3678.35,9202.05,5270.3
3603.55,9057.55,5122.2
3501.6,9467.45,5183.05
3600.05,9502.35,5193.55
3666.7,9668.6,5149.85
3670.6,9789.5,5272.15
3743.05,9481.65,4962.5
3598.5,9519.5,4993.1
3615.5,9539.6,5077.1
3680.2,9654.8,5029.5
3649.8,9629.05,4872.3
3651.3,9163.15,4511
3541,9806.7,4728.75
3602.45,9739.7,4660.3
3597.5,9824.75,4616.6
3634.65,9469.9,4479.6
3515.55,9819.4,4613.65
3600.9,9853.85,4688.7
3681.4,9916.65,4667.8
3672.5,10001.75,4736.55
3738.85,10091.35,4865.05
3785.5,10489.3,5280.9
3889.75,11176.55,5484.85
3836.45,11041.65,5451.9
3833.75,,
